patch,median_move_vox,meijering_snap,meijering_random,raw_ct_snap,raw_ct_random,medial_points
s1_z5568_y2496_x2880,5.677,0.3853,0.0765,0.2482,0.0378,3033
s1_z1152_y2304_x2880,5.472,0.3954,0.0656,0.2704,0.0266,1904
s1_z384_y2304_x4800,5.456,0.317,0.0648,0.2013,0.0392,2176
s1_z5568_y3072_x4224,5.389,0.3499,0.0653,0.2311,0.0299,2250
s1_z1344_y2304_x4992,5.255,0.3255,0.0584,0.199,0.0267,1808
s1_z1728_y2304_x4608,5.175,0.3291,0.0498,0.2436,0.0311,1682
s1_z5376_y2688_x4416,5.143,0.2957,0.0401,0.157,0.0149,1578
s1_z960_y2112_x4608,5.105,0.3017,0.0578,0.2042,0.025,2443
s1_z192_y2496_x4800,5.07,0.349,0.0533,0.2237,0.031,2825
s1_z5568_y2880_x4416,4.953,0.2979,0.0499,0.2174,0.0363,1129
s1_z1344_y2496_x4800,4.946,0.3462,0.0583,0.2059,0.0268,1944
s1_z1536_y2496_x4992,4.934,0.337,0.0564,0.2217,0.03,1315
s1_z1344_y2304_x4608,4.923,0.3455,0.0673,0.2264,0.0367,1824
s1_z1920_y2496_x4992,4.757,0.2797,0.0407,0.1809,0.0221,1815
s1_z7168_y3328_x4096,4.698,0.2585,0.0484,0.1469,0.0197,5560
s1_z1920_y2304_x4608,4.656,0.3,0.0381,0.1801,0.0277,1364
s1_z1344_y2496_x4992,4.614,0.2893,0.0418,0.2091,0.0255,1652
s1_z1152_y2496_x4608,4.563,0.3075,0.0566,0.1784,0.0252,2048
s1_z1344_y2496_x2880,4.536,0.2998,0.0496,0.185,0.0231,2391
s1_z1536_y2304_x4800,4.507,0.3095,0.0449,0.1994,0.0261,1806
s1_z1536_y2304_x4608,4.504,0.289,0.0494,0.1919,0.0234,1443
s1_z1536_y2496_x4800,4.472,0.2695,0.0316,0.1782,0.0119,2155
s1_z2112_y2496_x4992,4.428,0.291,0.0389,0.1688,0.0145,2149
s1_z2112_y2304_x4800,4.413,0.2977,0.041,0.2011,0.0266,1831
s1_z6144_y3456_x4224,4.367,0.2744,0.0352,0.1459,0.0018,3446
s1_z1920_y2304_x4800,4.356,0.3078,0.0486,0.194,0.0242,1544
s1_z5760_y2880_x4224,4.351,0.2746,0.036,0.1567,0.0097,2049
s1_z10560_y2560_x2560,4.344,0.2694,0.0417,0.1803,0.0218,13288
s1_z6336_y3264_x4608,4.344,0.2472,0.0246,0.1553,0.0079,2240
s1_z1152_y2112_x4608,4.338,0.3062,0.0586,0.1745,0.0195,3581
s1_z1152_y2304_x2688,4.333,0.2611,0.0476,0.1758,0.0209,2781
s1_z1152_y2688_x3072,4.33,0.2867,0.0467,0.1909,0.0218,3276
s1_z1536_y2496_x2880,4.324,0.2357,0.0343,0.1521,0.0218,2419
s1_z2304_y2304_x4800,4.317,0.2598,0.0387,0.1662,0.0211,2487
s1_z1344_y2304_x2880,4.299,0.2865,0.0284,0.1703,0.015,1456
s1_z2112_y2112_x4608,4.296,0.3161,0.0606,0.1925,0.0275,2741
s1_z1536_y2304_x4992,4.29,0.3106,0.0538,0.1968,0.0266,1759
s1_z1728_y2496_x4800,4.283,0.2713,0.0283,0.1608,0.0034,2166
s1_z1152_y2304_x4992,4.274,0.2403,0.0513,0.1734,0.0313,1635
s1_z5184_y2688_x4416,4.267,0.2367,0.0196,0.142,0.007,1496
s1_z8960_y2560_x2816,4.254,0.2707,0.0446,0.1818,0.0215,5871
s1_z384_y2496_x3072,4.245,0.2614,0.0423,0.1902,0.0222,2101
s1_z1920_y2304_x4992,4.222,0.2781,0.042,0.1717,0.0203,1793
s1_z10560_y4160_x3520,4.205,0.2607,0.0427,0.171,0.0209,15110
s1_z11200_y5120_x3200,4.204,0.2371,0.038,0.1592,0.02,10906
s1_z5376_y3264_x4224,4.172,0.2252,0.0446,0.1328,0.019,3361
s1_z192_y2496_x4992,4.154,0.2647,0.0393,0.1707,0.0201,2066
s1_z11200_y2880_x2560,4.148,0.2573,0.038,0.1529,0.021,14837
s1_z960_y2688_x3264,4.143,0.2628,0.0468,0.1712,0.0232,3283
s1_z8704_y3072_x4096,4.117,0.2071,0.0262,0.1138,0.004,7394
s1_z6720_y2880_x2880,4.112,0.2602,0.0391,0.1622,0.0237,2628
s1_z1728_y2304_x4800,4.111,0.308,0.0479,0.1816,0.0211,1578
s1_z1536_y2112_x4608,4.106,0.2988,0.0436,0.1745,0.0142,2009
s1_z1536_y2304_x2880,4.104,0.2773,0.0415,0.1495,0.0146,1904
s1_z8448_y4096_x3328,4.075,0.2831,0.0427,0.1562,0.0114,5494
s1_z5184_y2688_x4800,4.066,0.2316,0.0254,0.1497,0.0111,1917
s1_z5568_y3264_x4416,4.065,0.2894,0.0538,0.1773,0.0229,2741
s1_z10880_y2560_x2560,4.009,0.2278,0.0425,0.1382,0.0219,13345
s1_z960_y2304_x3072,3.994,0.258,0.037,0.1586,0.0181,2333
s1_z5760_y3072_x4224,3.993,0.2188,0.0276,0.1262,0.0092,1777
s1_z7168_y3072_x4352,3.987,0.2321,0.0297,0.1159,0.0116,7320
s1_z1344_y2112_x4608,3.98,0.27,0.0523,0.1731,0.0197,2586
s1_z2304_y2112_x4608,3.972,0.2234,0.0344,0.147,0.0149,2972
s1_z1152_y2304_x4608,3.97,0.2635,0.0436,0.1709,0.0226,1656
s1_z1344_y2688_x4800,3.968,0.2493,0.037,0.1299,0.0124,2566
s1_z1728_y2496_x4992,3.957,0.2529,0.0321,0.1712,0.0098,1527
s1_z5568_y2688_x4992,3.941,0.2589,0.0479,0.1447,0.0194,1769
s1_z1536_y2496_x4608,3.936,0.2111,0.0443,0.1601,0.0303,3227
s1_z384_y2880_x3072,3.929,0.2308,0.0345,0.1383,0.0122,3155
s1_z1728_y2304_x4992,3.923,0.307,0.0517,0.1956,0.022,1636
s1_z5760_y2304_x2496,3.92,0.2075,0.0278,0.1606,0.0161,2961
s1_z5760_y2688_x4800,3.91,0.2226,0.0365,0.1367,0.0187,2203
s1_z8704_y4352_x3840,3.901,0.2554,0.0426,0.1556,0.018,6618
s1_z1152_y1920_x4608,3.9,0.2331,0.0376,0.1619,0.0141,3554
s1_z5376_y2688_x4608,3.898,0.2477,0.0442,0.1779,0.0274,1937
s4_z6912_y1792_x2304,3.886,0.2016,0.0154,0.0997,0.0054,3503
s1_z5184_y2688_x4992,3.882,0.2164,0.0387,0.1509,0.0214,1666
s1_z10560_y4480_x3200,3.875,0.2484,0.0303,0.1593,0.0127,11960
s1_z1728_y2304_x2880,3.861,0.2354,0.0294,0.1401,0.0189,2370
s1_z5952_y2688_x4992,3.857,0.2246,0.0237,0.1336,0.01,1830
s1_z5760_y3264_x4224,3.818,0.2609,0.0411,0.1519,0.0167,2450
s1_z4992_y2496_x4608,3.815,0.2529,0.0512,0.1649,0.024,1727
s1_z5568_y3264_x4224,3.807,0.2173,0.0259,0.1398,0.0077,3905
s1_z8960_y3072_x3840,3.783,0.2406,0.04,0.1466,0.0187,5209
s1_z6144_y2688_x3264,3.779,0.2522,0.0375,0.1574,0.0173,3224
s1_z8448_y3328_x3840,3.774,0.228,0.0391,0.153,0.0161,6006
s1_z5760_y2688_x4992,3.773,0.2434,0.0309,0.1683,0.01,1453
s1_z384_y2688_x3264,3.771,0.2309,0.0323,0.1426,0.009,3705
s1_z5760_y2304_x4416,3.771,0.2179,0.041,0.123,0.0132,3732
s1_z192_y2496_x5184,3.768,0.2506,0.0398,0.1623,0.0215,1691
s1_z8448_y3584_x3840,3.759,0.2425,0.0414,0.1403,0.0163,6694
s1_z9216_y2560_x2816,3.756,0.2266,0.0244,0.1416,0.0106,7353
s1_z7168_y3328_x4608,3.754,0.2342,0.0385,0.1506,0.0161,5703
s1_z8704_y4096_x3328,3.744,0.2421,0.0404,0.1475,0.0158,7078
s1_z2304_y2304_x4608,3.736,0.2238,0.0387,0.1596,0.0215,2734
s1_z2304_y2304_x4992,3.732,0.2167,0.0265,0.1386,0.0092,2262
s1_z576_y2304_x3072,3.732,0.2517,0.0374,0.1574,0.0122,2743
s1_z768_y2112_x4608,3.731,0.2348,0.0401,0.1494,0.0262,2492
s1_z7936_y3328_x4352,3.73,0.2293,0.0266,0.1422,0.0059,3893
s1_z10560_y2560_x2880,3.729,0.2682,0.0357,0.1451,0.0114,10913
s1_z4608_y2496_x2880,3.713,0.1811,0.0091,0.1127,0.0087,2696
s1_z5952_y3072_x4416,3.712,0.2313,0.035,0.1517,0.0265,1408
s1_z10240_y2880_x2560,3.71,0.2287,0.0271,0.1395,0.0112,13915
s1_z7424_y3072_x3840,3.709,0.2051,0.0289,0.1356,0.0119,6873
s4_z2048_y1024_x2560,3.709,0.1479,0.0087,0.0909,-0.0002,2611
s1_z1152_y2112_x2688,3.708,0.2108,0.0388,0.1219,0.0172,3303
s1_z5568_y2688_x2880,3.707,0.2264,0.0228,0.1367,0.0082,2657
s1_z9472_y2816_x2816,3.7,0.2345,0.0327,0.1427,0.0146,8240
s1_z1920_y2304_x2880,3.69,0.219,0.0319,0.1405,0.009,2575
s1_z576_y2880_x3456,3.685,0.1815,0.0199,0.1146,0.0123,3831
s1_z5568_y2880_x4608,3.684,0.2499,0.0326,0.137,0.0129,2260
s1_z5952_y2880_x4608,3.684,0.2399,0.0315,0.1556,0.0089,2367
s1_z10240_y4160_x3520,3.68,0.2235,0.0324,0.1337,0.0055,16313
s1_z5760_y2688_x3072,3.676,0.2198,0.0257,0.1455,0.0182,2309
s1_z7168_y3584_x4096,3.661,0.1932,0.0331,0.128,0.016,7898
s1_z10560_y2880_x2560,3.649,0.2276,0.0301,0.1295,0.0104,14333
s1_z4416_y2304_x2496,3.649,0.1853,0.0172,0.1204,0.0081,2673
s1_z1344_y2304_x4800,3.647,0.2622,0.0318,0.1664,0.0101,2112
s1_z768_y2880_x4416,3.642,0.2055,0.033,0.1275,0.0078,3228
s1_z6144_y3264_x4800,3.639,0.2599,0.043,0.1615,0.02,1922
s1_z8192_y3840_x3584,3.638,0.2508,0.0454,0.1549,0.0147,4925
s1_z5184_y2688_x4608,3.637,0.2333,0.0386,0.1637,0.0205,2005
s1_z10880_y4480_x3200,3.635,0.1975,0.0293,0.116,0.0102,12643
s1_z960_y2688_x4608,3.633,0.1958,0.0261,0.1255,0.004,2996
s1_z192_y2304_x4800,3.63,0.2527,0.0459,0.1436,0.0101,2631
s1_z2496_y2112_x4608,3.628,0.2059,0.039,0.135,0.0179,2742
s1_z7424_y3072_x4608,3.626,0.2028,0.0279,0.1217,0.0124,5461
s1_z960_y2304_x4608,3.623,0.2085,0.0331,0.1168,0.0121,2537
s1_z4800_y2496_x4800,3.622,0.2101,0.0207,0.1251,0.0101,2143
s1_z5952_y2880_x4224,3.618,0.2481,0.0397,0.1432,0.0073,2735
s1_z7168_y3072_x4608,3.617,0.2158,0.0303,0.1178,0.0117,7497
s1_z5760_y2688_x2880,3.611,0.244,0.0349,0.1571,0.016,2293
s1_z9600_y2560_x2560,3.611,0.2126,0.0172,0.1314,0.0072,15135
s1_z10560_y3840_x3520,3.601,0.2151,0.0364,0.1256,0.0141,11458
s1_z5376_y2688_x4800,3.6,0.2065,0.0194,0.1166,0.0084,2144
s1_z1344_y2688_x4992,3.599,0.2325,0.0419,0.1378,0.023,2067
s1_z5760_y2880_x4992,3.596,0.2165,0.02,0.1318,0.013,1800
s1_z9920_y2560_x2560,3.576,0.1994,0.0316,0.1301,0.013,13803
s1_z5760_y3264_x4416,3.574,0.2229,0.0435,0.1458,0.0168,2574
s1_z8704_y4096_x3840,3.567,0.218,0.0175,0.1298,-0.0044,6211
s1_z8448_y3328_x4096,3.566,0.2151,0.0332,0.116,0.011,6037
s4_z1792_y1280_x2560,3.562,0.1608,0.0155,0.0719,0.0011,4705
s1_z10560_y2880_x2880,3.555,0.2277,0.0401,0.1332,0.0169,11085
s1_z1344_y2112_x4992,3.552,0.2198,0.0399,0.1581,0.0349,1850
s1_z1728_y2112_x4608,3.551,0.2,0.0249,0.103,0.0041,2446
s1_z192_y2688_x4992,3.549,0.1979,0.022,0.1185,0.0025,2963
s1_z11200_y3840_x3520,3.548,0.2181,0.0353,0.1153,0.0105,12869
s1_z6912_y3072_x4608,3.548,0.2113,0.0309,0.1281,0.0077,8042
s1_z7424_y3072_x4096,3.544,0.2295,0.0383,0.1423,0.013,6068
s1_z384_y2304_x2880,3.541,0.1683,0.0174,0.1061,0.0076,1782
s1_z7936_y4096_x3072,3.54,0.1997,0.0222,0.1064,0.0069,7599
s1_z6912_y3328_x4608,3.534,0.1922,0.0265,0.1095,0.0087,6512
s1_z1920_y2496_x2496,3.52,0.1903,0.0226,0.1211,0.0119,2512
s1_z4992_y2304_x4800,3.52,0.2092,0.0324,0.1452,0.0157,3077
s1_z5760_y2880_x4416,3.519,0.1969,0.0264,0.128,0.0169,1460
s1_z10880_y2880_x2560,3.518,0.2205,0.0296,0.1293,0.0084,15759
s1_z1536_y2496_x2688,3.511,0.2325,0.0193,0.1265,-0.0013,2102
s4_z6656_y1792_x2560,3.503,0.1705,-0.001,0.0919,-0.0012,4170
s1_z5376_y2496_x4992,3.502,0.2062,0.0192,0.127,0.0037,2243
s1_z10240_y2880_x3200,3.497,0.2058,0.0285,0.1179,0.0106,18130
s4_z1792_y1024_x2816,3.497,0.0942,0.0102,0.0589,0.0023,3031
s1_z3456_y2496_x3264,3.491,0.2305,0.0469,0.1382,0.0148,1884
s1_z4992_y2688_x4992,3.491,0.164,0.0242,0.1092,0.0146,2084
s1_z5568_y2880_x4800,3.49,0.1779,0.0105,0.1108,0.006,1973
s1_z5184_y2304_x4800,3.488,0.203,0.0343,0.1124,0.0095,2777
s1_z6720_y3456_x4416,3.485,0.1882,0.0175,0.0974,0.0009,2913
s1_z7168_y3584_x4608,3.478,0.2077,0.0278,0.1131,0.0085,7958
s1_z8704_y2816_x2816,3.473,0.2178,0.033,0.1363,0.0129,4534
s1_z10240_y4480_x3520,3.472,0.2112,0.0148,0.1148,-0.0037,15259
s1_z5952_y2880_x4416,3.47,0.2246,0.027,0.1484,0.0117,1817
s1_z960_y2880_x4608,3.47,0.1962,0.0313,0.1266,0.0158,3080
s1_z5760_y2304_x2688,3.459,0.1805,0.0203,0.1351,0.0155,3525
s1_z960_y2496_x4608,3.459,0.2277,0.0424,0.1488,0.0149,2964
s1_z8704_y3072_x3840,3.454,0.1963,0.0257,0.1212,0.0089,6196
s1_z8960_y3840_x3584,3.452,0.1961,0.0332,0.0984,0.0061,6522
s4_z9472_y1024_x2048,3.449,0.1659,0.0115,0.0759,0.0046,5478
s1_z6528_y2496_x4608,3.439,0.1936,0.0263,0.1232,0.0056,2170
s1_z9472_y2560_x3072,3.436,0.2095,0.0225,0.1399,0.0096,6460
s4_z2304_y1024_x1280,3.431,0.1441,0.0081,0.0697,0.0017,5569
s4_z6912_y2304_x2560,3.43,0.1745,0.0183,0.0888,0.0046,4330
s1_z11200_y2880_x2880,3.417,0.2077,0.0314,0.1112,0.0108,17212
s1_z1344_y2304_x2688,3.414,0.2443,0.0366,0.1487,0.0126,1854
s1_z5760_y2496_x2496,3.414,0.1878,0.0179,0.1281,0.0092,2801
s1_z8448_y4352_x3328,3.408,0.178,0.0216,0.1174,0.01,7059
s4_z9216_y1536_x2304,3.407,0.163,0.0078,0.094,0.0051,4141
s1_z12160_y4800_x2880,3.406,0.1982,0.027,0.1118,0.0044,12987
s1_z1536_y1920_x4416,3.405,0.2161,0.0366,0.1251,0.012,3084
s1_z6336_y3456_x4224,3.405,0.2231,0.0401,0.1399,0.0118,2854
s1_z5184_y2688_x5184,3.399,0.1773,0.0215,0.1265,0.0116,1908
s1_z6912_y2816_x2816,3.394,0.1815,0.0262,0.1058,0.0106,6206
s1_z5760_y2688_x4608,3.39,0.2148,0.009,0.129,0.0014,2337
s1_z5760_y3072_x4608,3.387,0.2207,0.031,0.1418,0.0146,2411
s4_z2816_y2048_x1280,3.382,0.1272,0.0071,0.061,0.0025,5180
s1_z1920_y2112_x4608,3.381,0.255,0.0399,0.1304,0.006,2647
s1_z7680_y3072_x3840,3.381,0.186,0.0263,0.1136,0.0103,7294
s1_z5376_y2688_x5184,3.38,0.1841,0.0235,0.1184,0.0113,1430
s4_z4096_y2048_x1536,3.38,0.1037,0.007,0.0592,0.0002,4796
s4_z2560_y2048_x1280,3.375,0.1741,0.0126,0.0915,-0.001,5742
s1_z5376_y2688_x4992,3.374,0.1637,0.0233,0.1184,0.0146,1783
s1_z1728_y1920_x4416,3.365,0.2025,0.025,0.1418,0.0149,2617
s1_z576_y2112_x3072,3.364,0.1588,0.025,0.103,0.0176,4289
s1_z3456_y2496_x3456,3.357,0.2161,0.0388,0.1162,0.0101,2624
s1_z9216_y2816_x2816,3.342,0.199,0.0285,0.1215,0.009,7281
s1_z5568_y2688_x4224,3.341,0.1818,0.0241,0.0926,0.0027,2179
s1_z4416_y2496_x2496,3.34,0.2066,0.0235,0.1232,0.0057,3092
s1_z10880_y2880_x2880,3.339,0.216,0.0256,0.14,0.0112,12270
s1_z4032_y2496_x2496,3.338,0.2032,0.0123,0.1363,0.0087,2735
s1_z11520_y3200_x2560,3.334,0.199,0.0303,0.1126,0.01,17543
s1_z8704_y3328_x3840,3.333,0.1924,0.0247,0.1198,0.0109,4993
s1_z1152_y2304_x4800,3.329,0.1974,0.0344,0.1442,0.0239,3282
s1_z1728_y2496_x2880,3.329,0.1827,0.0216,0.1379,0.0174,2459
s1_z192_y2304_x3072,3.329,0.2206,0.0277,0.156,0.0154,2636
s4_z1792_y512_x1536,3.329,0.1023,0.0018,0.0494,-0.0,7042
s1_z9472_y3328_x4096,3.328,0.1884,0.0352,0.0989,0.0151,7577
s1_z6720_y2496_x3840,3.322,0.2031,0.0297,0.1186,0.0051,3954
s1_z10880_y3840_x3840,3.319,0.1972,0.0338,0.114,0.0155,15835
s1_z5760_y2496_x4608,3.319,0.2193,0.0311,0.1383,0.0066,2964
s1_z1344_y2496_x4608,3.318,0.1886,0.0376,0.1182,0.0207,2460
s1_z6144_y2688_x4608,3.317,0.2003,0.0293,0.1333,0.0118,3366
s1_z960_y2880_x3264,3.317,0.2032,0.0216,0.1274,0.0092,2360
s1_z6720_y3264_x2688,3.3,0.1747,0.0066,0.0856,-0.001,2701
s1_z4800_y2304_x2880,3.295,0.2092,0.0167,0.1057,0.0023,2037
s4_z2304_y1280_x2560,3.295,0.1118,0.0057,0.0534,-0.0007,4947
s1_z10560_y2880_x3200,3.294,0.1847,0.0279,0.0992,0.0089,21434
s1_z5376_y3264_x4416,3.292,0.2264,0.0303,0.1221,0.0064,4148
s1_z8704_y3328_x4096,3.291,0.1867,0.0303,0.0964,0.0055,7727
s1_z9472_y2560_x2560,3.284,0.2127,0.0181,0.1206,0.0076,7244
s1_z4992_y2304_x2880,3.279,0.2369,0.0399,0.1683,0.0209,3415
s1_z9920_y2880_x2560,3.278,0.2199,0.0267,0.1197,0.0105,17144
s1_z4416_y2496_x4800,3.276,0.1654,0.0206,0.0943,0.0065,3432
s1_z4800_y2496_x4992,3.272,0.1983,0.0294,0.1101,0.0109,1945
s1_z960_y2304_x4992,3.272,0.2273,0.0289,0.1444,0.0151,1641
s1_z4224_y2496_x2688,3.27,0.1963,0.009,0.1339,0.0056,2899
s1_z6912_y3328_x4864,3.269,0.1858,0.0206,0.104,0.0089,5661
s1_z6144_y2880_x4224,3.267,0.2071,0.0274,0.143,0.0114,3378
s4_z9472_y2304_x1792,3.266,0.179,0.0146,0.0733,-0.0029,4316
s1_z11840_y3200_x2560,3.265,0.1939,0.0261,0.1248,0.0142,16295
s1_z7424_y2816_x4352,3.264,0.2031,0.0237,0.1332,0.0113,6689
s1_z8704_y4096_x4096,3.263,0.1801,0.0243,0.0881,0.004,7097
s1_z5760_y2880_x4800,3.258,0.2072,0.0279,0.1348,0.0107,1970
s4_z2560_y1792_x1792,3.258,0.1161,0.0033,0.0593,-0.0022,5777
s4_z5376_y2048_x2560,3.258,0.1332,0.0109,0.076,0.003,4249
s1_z7168_y3072_x4096,3.252,0.157,0.0161,0.0806,0.0038,6792
s1_z11200_y3840_x3840,3.251,0.1828,0.0302,0.1031,0.0109,15350
s1_z10240_y4480_x3200,3.235,0.2064,0.0199,0.1266,0.0045,10450
s1_z10880_y3840_x3520,3.234,0.2023,0.0278,0.1115,0.012,11633
s1_z8960_y2304_x2816,3.224,0.1523,0.0202,0.1087,0.0125,8325
s1_z960_y2496_x4992,3.219,0.1979,0.0154,0.1279,0.0143,1094
s1_z11200_y4800_x2560,3.211,0.1666,0.0276,0.1015,0.0091,16245
s1_z6144_y3456_x4416,3.211,0.1988,0.0346,0.1213,0.014,3025
s4_z8960_y2304_x2304,3.206,0.1533,0.0095,0.0712,0.001,4239
s1_z7424_y3584_x4608,3.205,0.202,0.0364,0.1157,0.011,10013
s1_z11200_y3200_x2560,3.195,0.1684,0.0225,0.1115,0.0106,16599
s4_z6912_y1792_x2560,3.193,0.1202,-0.0008,0.0705,-0.0035,4579
s1_z10560_y3200_x3520,3.184,0.1752,0.03,0.0955,0.0125,18063
s4_z1536_y512_x1536,3.184,0.1347,0.0062,0.0709,-0.0003,6062
s1_z768_y2304_x4992,3.182,0.1787,0.0255,0.1093,0.0071,2724
s1_z192_y1920_x3648,3.181,0.1896,0.029,0.1268,0.0198,4869
s4_z6656_y2048_x2560,3.181,0.1584,0.0055,0.0738,-0.0051,3747
s4_z2304_y2048_x1536,3.18,0.0884,0.0023,0.0447,-0.0024,4431
s1_z3840_y2496_x4224,3.174,0.1945,0.0287,0.119,0.0098,3806
s1_z10560_y4480_x2880,3.169,0.1968,0.0247,0.1114,0.008,15961
s1_z1152_y2112_x4992,3.166,0.1811,0.029,0.1018,0.0098,1646
s1_z5952_y2688_x3072,3.165,0.2126,0.0225,0.1368,0.0091,3121
s1_z192_y2688_x4608,3.162,0.1947,0.0245,0.1253,0.0082,4072
s4_z9984_y256_x1024,3.158,0.1377,0.0127,0.0629,0.0043,7900
s1_z8704_y3840_x3840,3.153,0.1902,0.03,0.099,0.0082,7611
s1_z1920_y2304_x2496,3.15,0.2106,0.0221,0.1237,0.0096,2138
s4_z5120_y1280_x768,3.147,0.1412,0.0049,0.0777,0.0037,5197
s1_z6336_y2304_x3264,3.135,0.1575,0.023,0.1011,0.0078,2595
s1_z8448_y2560_x2816,3.135,0.1825,0.0261,0.1184,0.0146,6251
s4_z4352_y1536_x2304,3.134,0.1262,-0.0017,0.0653,-0.0044,4174
s1_z6144_y2880_x4992,3.133,0.1979,0.0242,0.1202,0.008,2511
s1_z5184_y2496_x4992,3.132,0.1918,0.0294,0.1251,0.013,2388
s4_z8704_y1792_x2560,3.131,0.1202,0.0019,0.085,0.0019,3467
s4_z6144_y1792_x512,3.127,0.1208,-0.0038,0.0577,-0.0046,5470
s1_z1920_y2496_x4416,3.123,0.1661,0.0321,0.0826,0.0077,2528
s4_z9472_y512_x768,3.122,0.1339,-0.0054,0.0633,-0.0027,5722
s1_z1920_y1920_x4416,3.117,0.1513,0.0129,0.0917,0.0066,4633
s1_z9600_y3200_x3840,3.111,0.1685,0.0198,0.0998,0.0102,16185
s1_z5568_y2496_x2496,3.109,0.1721,0.0049,0.0999,-0.005,1967
s1_z5568_y2688_x4800,3.108,0.1889,0.017,0.1169,0.0007,2370
s1_z1920_y2496_x2688,3.107,0.1947,0.025,0.091,0.0043,2195
s1_z5376_y2496_x4800,3.103,0.1785,0.0246,0.1173,0.0073,3851
s1_z5952_y2496_x4608,3.103,0.1802,0.0164,0.0939,0.0016,2682
s1_z10560_y3840_x3840,3.102,0.1894,0.0301,0.1096,0.0082,12171
s1_z6336_y3648_x4608,3.102,0.1577,0.0217,0.087,0.0049,3008
s1_z192_y2496_x3072,3.101,0.1619,0.021,0.0995,0.0107,3171
s1_z576_y2880_x3648,3.101,0.1811,0.0254,0.1142,0.0057,3581
s1_z5760_y2496_x3072,3.098,0.2111,0.0402,0.1333,0.0179,4637
s1_z9600_y2560_x2880,3.097,0.2021,0.0275,0.1174,0.0125,21115
s1_z1152_y2496_x2880,3.096,0.2097,0.0267,0.1206,0.0088,3323
s4_z8704_y1792_x2304,3.091,0.1379,0.0069,0.0803,0.0005,5757
s1_z192_y2112_x3264,3.09,0.1754,0.0221,0.1235,0.0096,4614
s4_z1792_y768_x1536,3.089,0.1057,0.0008,0.0508,-0.002,7372
s1_z1152_y2880_x3072,3.088,0.1949,0.0253,0.124,0.01,2755
s4_z4352_y2304_x1024,3.088,0.1592,0.004,0.0761,-0.0024,3606
s4_z2304_y2304_x1280,3.086,0.102,0.0006,0.0626,-0.0001,4730
s1_z576_y2880_x3840,3.085,0.2188,0.0292,0.0999,0.0056,2334
s4_z9728_y1536_x2048,3.083,0.1527,0.0117,0.0768,-0.0013,5269
s1_z2112_y2304_x4992,3.079,0.1857,0.021,0.1148,0.0076,1985
s1_z6720_y3456_x4608,3.075,0.1726,0.0134,0.0891,0.0023,2041
s1_z9472_y2560_x2816,3.069,0.2011,0.0147,0.1136,0.0038,9675
s1_z5760_y2880_x3072,3.068,0.1613,0.0069,0.0968,0.0007,2305
s1_z6720_y4032_x3840,3.067,0.1622,0.0136,0.0974,0.0034,3441
s1_z7936_y3072_x4352,3.063,0.1615,0.0222,0.1146,0.0131,8479
s1_z384_y2496_x4800,3.062,0.1862,0.0365,0.1139,0.0133,4263
s1_z576_y2688_x3264,3.06,0.1712,0.0229,0.085,0.0064,3362
s1_z6336_y3264_x4800,3.06,0.1608,0.0246,0.1132,0.0098,2244
s1_z10240_y4160_x3200,3.059,0.1936,0.0254,0.1138,0.0082,11350
s1_z10240_y3200_x3840,3.055,0.1818,0.0248,0.0903,0.005,13607
s1_z1536_y1920_x4608,3.055,0.2123,0.029,0.1254,0.0001,2833
s4_z2816_y1024_x1024,3.049,0.1051,0.0026,0.0528,0.0012,7421
s1_z7424_y3072_x4352,3.044,0.1906,0.0103,0.1038,-0.0018,6498
s1_z4608_y2304_x4992,3.043,0.1694,0.0275,0.1047,0.0112,2011
s4_z5376_y1792_x2560,3.043,0.0919,0.0053,0.0471,-0.0011,4663
s1_z9600_y4160_x3520,3.042,0.1726,0.0215,0.095,0.0033,16206
s1_z12480_y4800_x3200,3.038,0.1616,0.0121,0.0819,0.0014,17294
s1_z5760_y2496_x4800,3.037,0.1995,0.0384,0.1241,0.0088,2388
s1_z768_y2688_x4608,3.035,0.1862,0.022,0.1154,0.0037,4125
s4_z5376_y2048_x2816,3.034,0.1367,0.0013,0.0681,-0.0011,4351
s1_z1152_y2688_x3264,3.029,0.1965,0.0265,0.1137,0.0118,2826
s1_z5568_y2496_x4608,3.028,0.1641,0.013,0.1057,-0.0002,3561
s1_z7936_y3584_x4352,3.028,0.1738,0.0213,0.0931,0.0059,7872
s1_z6720_y3648_x4416,3.027,0.1733,0.0169,0.1006,0.0051,2115
s1_z9920_y2560_x3200,3.024,0.1625,0.0267,0.0957,0.011,19490
s1_z192_y2880_x4224,3.022,0.2089,0.0413,0.0969,0.0116,3080
s1_z384_y2496_x2880,3.013,0.1675,0.0053,0.0996,0.0034,3253
s1_z8704_y4352_x3584,3.013,0.1688,0.0067,0.1016,-0.0024,5678
s1_z768_y2880_x3456,3.012,0.17,0.0231,0.1078,0.0096,3534
s4_z1280_y512_x1536,3.011,0.1636,0.0188,0.0716,0.0035,6212
s1_z5568_y2880_x4224,3.004,0.2031,0.0187,0.1235,-0.0029,2174
s4_z1792_y1536_x1024,3.003,0.1153,0.006,0.0393,-0.0042,4116
s1_z5760_y2304_x2304,3.0,0.1563,0.0192,0.1159,0.0117,2774
s1_z960_y2112_x4992,2.991,0.1923,0.0307,0.1085,0.016,2085
s4_z9728_y2304_x1792,2.99,0.123,0.0085,0.0555,0.0029,5419
s1_z1344_y1920_x4416,2.981,0.2007,0.036,0.0976,0.0032,3232
s1_z576_y2880_x3264,2.981,0.1827,0.0179,0.116,0.0104,2455
s4_z8960_y1024_x1792,2.98,0.0986,0.0028,0.052,-0.0004,5183
s4_z3072_y1024_x2304,2.978,0.1397,0.0108,0.0619,0.0026,4315
s1_z4992_y2304_x4992,2.975,0.1735,0.0225,0.1109,0.0038,2715
s1_z5568_y2880_x2880,2.972,0.1801,0.0097,0.1152,-0.0007,3345
s1_z8960_y4096_x4096,2.972,0.1642,0.0237,0.0942,0.0094,8849
s1_z11840_y3840_x3840,2.966,0.1799,0.0293,0.0987,0.0106,10308
s1_z5568_y2688_x3072,2.965,0.1772,0.0061,0.0853,0.0003,3028
s1_z6720_y4032_x3456,2.964,0.1593,0.0185,0.1078,0.0067,2654
s1_z960_y2304_x2880,2.963,0.1763,0.0127,0.1016,0.0027,3159
s4_z3328_y1024_x2304,2.963,0.1152,0.0078,0.056,-0.0006,4460
s1_z4992_y2496_x4416,2.961,0.1414,0.0182,0.099,0.0105,1842
s1_z5568_y3072_x4416,2.961,0.1864,0.0146,0.11,0.0055,1614
s1_z9600_y3200_x2560,2.961,0.1694,0.0226,0.1093,0.0047,13571
s4_z1536_y1280_x2560,2.961,0.1451,0.0142,0.0631,-0.0009,4186
s4_z2048_y1280_x1024,2.961,0.1037,0.0007,0.0421,-0.0021,4464
s1_z10240_y2560_x2560,2.96,0.1597,0.0228,0.0941,0.0077,12125
s1_z4416_y2304_x4608,2.96,0.1802,0.0315,0.128,0.0137,2276
s1_z5568_y3072_x4800,2.958,0.1572,0.025,0.0866,0.0037,2745
s1_z5568_y2688_x4416,2.957,0.1909,0.0225,0.1051,0.0015,2242
s1_z8704_y4096_x3584,2.956,0.1633,0.0142,0.0977,0.0024,8605
s1_z4800_y2304_x4800,2.955,0.1419,0.0182,0.0919,0.0033,3358
s1_z9920_y2880_x3520,2.951,0.142,0.0207,0.0803,0.0073,19728
s1_z8704_y3584_x3840,2.949,0.1632,0.0246,0.1045,0.0094,6968
s1_z8192_y3840_x3328,2.948,0.1887,0.0343,0.1232,0.0141,5269
s1_z7424_y3584_x4096,2.946,0.1596,0.0215,0.103,0.0106,6844
s1_z1152_y1728_x4032,2.944,0.1566,0.0291,0.1007,0.0163,2745
s1_z576_y2496_x3072,2.944,0.1681,0.0179,0.111,0.0095,5401
s1_z10560_y3520_x3520,2.941,0.1594,0.0237,0.0887,0.0067,10415
s1_z9216_y2816_x3840,2.94,0.1653,0.0222,0.0895,0.0059,8282
s1_z9472_y3840_x4096,2.937,0.143,0.0189,0.0796,0.001,6209
s4_z2816_y768_x1792,2.937,0.101,0.0076,0.0396,0.0004,7924
s4_z3328_y768_x2560,2.935,0.1325,-0.0032,0.0724,0.0002,4781
s1_z10240_y2560_x3200,2.933,0.1614,0.0255,0.1125,0.0128,18203
s4_z2304_y1024_x2304,2.931,0.1298,0.0115,0.0592,-0.0005,4624
s4_z2816_y1024_x2304,2.931,0.0964,0.0052,0.0478,-0.0003,4919
s4_z9472_y2304_x2048,2.931,0.1028,0.0126,0.0636,0.0065,3812
s1_z5568_y3072_x4608,2.929,0.1502,0.0133,0.0814,0.0028,2802
s1_z6336_y3072_x4800,2.927,0.1736,0.0184,0.1061,0.0038,2536
s1_z7424_y3328_x4608,2.926,0.1885,0.0198,0.1084,0.0073,6400
s1_z384_y2880_x3264,2.921,0.1712,0.0178,0.0962,0.0035,2821
s1_z4608_y2112_x2496,2.921,0.1466,0.0221,0.1058,0.0096,3241
s4_z2048_y1792_x1280,2.92,0.1163,0.0055,0.0534,-0.0008,6708
s1_z7168_y3328_x4352,2.919,0.1759,0.0247,0.0935,0.0055,6931
s1_z9920_y3840_x3840,2.918,0.1513,0.0249,0.0791,0.01,13490
s4_z2560_y512_x2560,2.918,0.1538,0.0075,0.0664,0.0032,6953
s1_z11200_y3520_x3840,2.917,0.1615,0.0245,0.0907,0.0082,12920
s4_z2560_y1536_x2048,2.916,0.1289,0.0045,0.0559,-0.0003,5054
s1_z1920_y1728_x4224,2.915,0.1493,0.0151,0.0789,-0.0016,3922
s1_z5952_y2880_x4800,2.913,0.158,0.0235,0.0925,0.0113,2375
s4_z6144_y2048_x2560,2.91,0.1261,0.0072,0.0804,0.0011,5071
s4_z1792_y1024_x2560,2.908,0.0904,0.0095,0.0572,0.0019,2429
s4_z8192_y2304_x2304,2.907,0.1222,-0.0026,0.0536,-0.0035,5765
s1_z1152_y2496_x4992,2.906,0.1573,0.0313,0.0906,0.0128,1904
s1_z576_y2304_x2880,2.906,0.1623,0.0118,0.0814,0.0061,2775
s1_z1920_y2304_x2688,2.904,0.1796,0.0125,0.1061,-0.004,2877
s4_z6656_y2304_x2560,2.904,0.1445,0.0031,0.0661,-0.0041,5158
s4_z4352_y1792_x2304,2.902,0.1475,0.0028,0.0784,-0.0052,4587
s1_z7168_y3072_x3840,2.899,0.1625,0.0229,0.0811,0.0044,9732
s4_z5632_y2304_x2560,2.899,0.1498,0.0136,0.0732,0.0007,5611
s1_z12480_y5120_x2880,2.898,0.1829,0.0137,0.0975,0.0041,10868
s4_z3840_y1024_x2304,2.898,0.1631,0.0109,0.0893,0.0007,3872
s1_z768_y2112_x4992,2.896,0.1559,0.0244,0.1038,0.0147,2964
s4_z4608_y1536_x2304,2.896,0.1383,0.0022,0.0651,-0.0038,4549
s1_z4992_y2496_x4992,2.895,0.1903,0.0352,0.1151,0.0134,2195
s1_z9472_y2560_x3328,2.89,0.1633,0.0138,0.0889,0.0037,10582
s1_z11200_y4480_x3200,2.886,0.1598,0.0269,0.089,0.0073,17780
s1_z2112_y2496_x4800,2.884,0.1473,-0.0078,0.0738,-0.0103,2294
s4_z5376_y2304_x2560,2.884,0.1556,0.0085,0.0595,-0.0047,5674
s1_z11520_y3520_x3520,2.883,0.1604,0.0194,0.0894,0.0069,16402
s1_z9216_y2560_x3072,2.88,0.1617,0.0178,0.087,0.0081,6913
s4_z6912_y1536_x768,2.88,0.1089,0.0077,0.0687,0.0046,7176
s4_z1536_y1792_x1024,2.879,0.0989,0.0016,0.0518,-0.0017,4722
s4_z1792_y512_x1792,2.875,0.1111,0.0021,0.0518,-0.0042,6675
s1_z7936_y3584_x4096,2.873,0.1488,0.0191,0.0936,0.0053,6809
s1_z5760_y3072_x4416,2.866,0.1503,0.0124,0.1177,0.0012,1311
s1_z11200_y4800_x3200,2.865,0.156,0.0194,0.109,0.0093,14110
s4_z2560_y1024_x2816,2.865,0.0593,0.0041,0.033,0.0001,4331
s1_z4608_y2880_x3072,2.864,0.1276,0.0124,0.0685,0.0004,4024
s4_z7424_y2048_x2048,2.861,0.1362,-0.0109,0.0706,-0.0115,4988
s1_z9600_y2560_x3200,2.857,0.1581,0.0204,0.0876,0.0038,19257
s4_z3328_y768_x2304,2.856,0.1064,0.0047,0.0594,-0.0017,6623
s4_z1536_y512_x2304,2.854,0.1368,0.0126,0.0654,0.0009,5383
s4_z5888_y1024_x1024,2.854,0.1089,0.0057,0.0469,-0.0036,3463
s1_z7168_y2816_x3584,2.852,0.1461,0.0095,0.0862,0.0025,7961
s1_z9216_y2304_x2560,2.852,0.1625,0.0244,0.1023,0.0097,5411
s1_z1728_y2688_x3072,2.851,0.142,0.0025,0.0687,-0.0097,2249
s4_z8704_y2048_x2560,2.851,0.1697,0.009,0.1075,0.006,3087
s1_z10560_y3200_x3840,2.849,0.1522,0.0139,0.0911,0.0027,16179
s1_z8960_y2816_x2816,2.849,0.1813,0.0253,0.116,0.0057,5581
s1_z6528_y3456_x2688,2.845,0.1478,0.017,0.0791,0.0035,4085
s1_z9472_y2560_x3584,2.845,0.1734,0.0252,0.1037,0.014,11359
s4_z3072_y768_x1280,2.835,0.1314,-0.0014,0.0481,-0.0022,6516
s4_z5632_y1024_x1280,2.835,0.0917,0.0038,0.0515,0.0023,5182
s4_z4352_y1792_x2560,2.83,0.1016,0.0072,0.0504,0.0006,4956
s1_z4416_y3072_x3264,2.829,0.149,0.0121,0.0863,0.0028,2901
s1_z5376_y3456_x4416,2.824,0.1499,0.0099,0.0943,-0.0004,4019
s4_z8704_y2048_x2304,2.824,0.1222,0.0038,0.0702,0.0005,4556
s1_z10240_y3200_x3520,2.819,0.1376,0.0162,0.0777,0.0094,14788
s1_z4416_y2496_x4608,2.819,0.1274,0.0015,0.0953,-0.0063,2695
s1_z9920_y3520_x4160,2.818,0.159,0.018,0.0957,0.0064,8534
s4_z1536_y1280_x2816,2.816,0.082,0.0044,0.0516,-0.0015,5350
s1_z6912_y3840_x3328,2.814,0.1318,0.0137,0.0861,0.0029,10840
s1_z4992_y2496_x4800,2.813,0.1465,0.0133,0.0807,-0.0024,2538
s1_z1536_y2304_x2688,2.812,0.1839,0.0019,0.1194,0.002,2224
s1_z6720_y3648_x2880,2.812,0.1486,0.0094,0.0817,0.0021,2917
s1_z4800_y2304_x2496,2.81,0.1586,0.0145,0.0943,0.0007,1389
s1_z5952_y2304_x3264,2.81,0.1239,0.0147,0.0761,0.0057,6169
s4_z2048_y1024_x2304,2.81,0.151,0.0158,0.0856,0.0046,4035
s1_z12480_y4480_x3520,2.809,0.1572,0.0191,0.0831,0.0053,18583
s4_z1536_y1024_x1024,2.809,0.0514,-0.0064,0.0308,-0.0041,4838
s1_z11840_y4800_x2880,2.807,0.1607,0.0142,0.096,0.0087,20793
s1_z6144_y2496_x3840,2.807,0.1853,0.0272,0.0932,0.0058,3512
s1_z7168_y2560_x2816,2.806,0.1584,0.0122,0.0859,0.004,6753
s1_z7168_y3584_x4352,2.805,0.1535,0.0184,0.0834,0.0014,5823
s1_z11520_y3200_x2240,2.803,0.146,0.0143,0.0919,0.0076,13535
s1_z6720_y3840_x3264,2.801,0.1481,0.0188,0.0848,0.0037,5022
s1_z1728_y2496_x4608,2.797,0.1687,0.0199,0.1084,0.0077,3595
s1_z5568_y2496_x2304,2.797,0.1483,0.0043,0.1037,0.0079,3035
s4_z2048_y1024_x1024,2.797,0.0794,-0.0007,0.0459,-0.0013,6902
s1_z5568_y2688_x4608,2.796,0.1661,0.0028,0.1018,-0.005,1989
s1_z12160_y5120_x2880,2.792,0.1558,0.0119,0.0939,0.0042,13459
s1_z6912_y3584_x4608,2.791,0.1497,0.0126,0.0857,-0.0015,7789
s4_z8960_y1792_x2304,2.789,0.1218,0.0105,0.0589,0.0017,4660
s1_z192_y2304_x4992,2.787,0.1858,0.0195,0.0956,0.004,2977
s1_z5952_y2304_x3072,2.786,0.1519,0.0209,0.0953,0.0119,4771
s1_z4608_y2496_x4992,2.782,0.1715,0.0244,0.1105,0.0118,2002
s4_z7680_y2304_x2304,2.782,0.118,-0.0028,0.0502,-0.0037,2715
s1_z2112_y2496_x4416,2.78,0.1668,0.0191,0.0943,-0.002,3608
s1_z8960_y3328_x3840,2.78,0.1481,0.014,0.0875,0.0008,6137
s1_z6720_y3648_x4800,2.779,0.1549,0.0187,0.0871,0.0004,3154
s4_z2304_y768_x2304,2.779,0.0959,0.0094,0.0592,0.0044,4923
s4_z6144_y2048_x2304,2.778,0.0913,0.0019,0.0452,-0.0017,4243
s4_z7680_y2048_x2560,2.772,0.1322,0.0016,0.0806,0.0016,3956
s1_z1344_y1728_x4416,2.771,0.1786,0.0289,0.112,0.0065,3361
s1_z9920_y4160_x3520,2.77,0.1601,0.0193,0.094,0.0055,19156
s4_z5120_y2048_x2560,2.768,0.138,-0.0002,0.0668,-0.0029,5091
s1_z4800_y2688_x2880,2.764,0.1266,0.0166,0.0725,0.0023,4407
s1_z5760_y3456_x4608,2.763,0.1527,0.0218,0.0917,0.0067,3705
s4_z6912_y1536_x1280,2.763,0.0941,0.0083,0.0609,0.0032,4579
s1_z1344_y1728_x4224,2.759,0.1838,0.0309,0.1047,0.0066,2410
s1_z6144_y2496_x4224,2.759,0.1485,0.0204,0.0923,0.0042,3527
s4_z1280_y1024_x1024,2.759,0.1123,0.0015,0.0463,-0.0012,4178
s4_z7936_y2048_x2560,2.759,0.0999,0.0003,0.0606,0.0015,4890
s4_z8192_y2048_x2048,2.759,0.1576,-0.0008,0.0793,-0.0102,4313
s1_z12160_y3520_x3520,2.758,0.1224,0.0194,0.0706,0.0078,18443
s4_z6400_y1536_x2304,2.757,0.153,0.0113,0.0529,-0.0013,6885
s1_z10240_y4160_x2880,2.756,0.1389,0.0095,0.0733,0.0018,15642
s1_z3456_y2496_x3072,2.755,0.1534,0.0183,0.078,0.003,2302
s1_z4032_y2688_x2688,2.754,0.1422,0.0167,0.0761,0.0058,2524
s4_z3328_y2304_x1280,2.753,0.0929,-0.004,0.0519,-0.0041,3288
s4_z6144_y1792_x2560,2.753,0.0815,0.0031,0.0361,-0.0019,6802
s1_z9472_y2560_x2304,2.752,0.1805,0.0184,0.1207,0.0083,4621
s1_z9472_y2560_x3840,2.752,0.1862,0.0312,0.1051,0.0104,8022
s4_z2560_y1792_x1024,2.751,0.1041,0.0034,0.0513,-0.0023,4677
s1_z10240_y4480_x2880,2.749,0.1838,0.0142,0.0992,0.0038,15949
s1_z5760_y2304_x2880,2.748,0.1562,0.0135,0.1003,0.0069,3418
s1_z1920_y2496_x4608,2.746,0.2007,0.0314,0.1093,0.0045,3377
s1_z8192_y3584_x4096,2.744,0.1456,0.0173,0.0851,0.0038,10922
s1_z5760_y3072_x3072,2.741,0.1415,0.0131,0.0872,0.0048,2929
s1_z5568_y3264_x3456,2.74,0.2038,0.0274,0.1118,0.0073,3564
s4_z5632_y1024_x1024,2.74,0.097,-0.0042,0.0573,-0.0102,2187
s4_z8448_y1280_x512,2.74,0.141,0.0042,0.0777,0.0003,4733
s4_z8960_y1280_x2304,2.74,0.149,0.0007,0.0903,-0.0028,6069
s1_z5952_y3264_x4992,2.739,0.1417,0.023,0.0727,0.0072,2649
s4_z3328_y512_x2304,2.739,0.1428,0.0125,0.0581,0.0004,6108
s1_z576_y3072_x4032,2.737,0.1342,0.0226,0.0825,0.0079,3230
s1_z960_y2112_x2880,2.737,0.1592,0.02,0.0963,0.0088,3240
s4_z3072_y1024_x1024,2.737,0.0761,-0.0054,0.0441,-0.0032,6878
s4_z6144_y1024_x1280,2.736,0.0618,-0.0136,0.0332,-0.0083,2302
s4_z9216_y1024_x2048,2.736,0.104,0.0056,0.0462,0.0007,6691
s1_z4992_y2688_x4608,2.735,0.1686,0.0131,0.0872,0.0012,2470
s1_z5376_y2880_x4416,2.734,0.1718,0.0296,0.115,0.0112,1884
s4_z2560_y2048_x1536,2.733,0.1142,0.0131,0.0593,0.0017,5737
s4_z7168_y1792_x768,2.731,0.1151,-0.0003,0.0647,0.0008,6908
s1_z6144_y2112_x3648,2.73,0.15,0.0219,0.0834,0.0059,2485
s1_z1728_y2304_x2688,2.727,0.1806,0.0072,0.0979,-0.0028,2464
s1_z6336_y3456_x4608,2.725,0.1266,0.0199,0.0776,0.0016,2435
s4_z2816_y1792_x2048,2.72,0.1067,0.0128,0.0576,0.0037,4923
s1_z6912_y3328_x4352,2.718,0.1454,0.0182,0.0797,0.0071,7854
s1_z8704_y2560_x2560,2.718,0.148,0.0094,0.084,-0.0027,8271
s1_z5568_y3264_x4608,2.716,0.1172,0.0037,0.0821,-0.0007,2944
s1_z5760_y2496_x2880,2.715,0.1729,0.0073,0.1013,-0.0023,3452
s1_z4032_y2496_x4416,2.714,0.1692,0.0225,0.0933,0.0016,3608
s4_z4864_y1024_x2304,2.714,0.1472,0.0024,0.0755,-0.0045,7433
s1_z5952_y2688_x4800,2.712,0.1588,0.03,0.1119,0.0163,2148
s4_z1536_y1792_x1280,2.712,0.1324,0.0001,0.0583,-0.0087,5433
s4_z1536_y512_x2048,2.71,0.1045,0.0071,0.0491,0.0018,4420
s4_z3072_y2304_x1280,2.709,0.1166,-0.0001,0.0656,-0.0025,3334
s4_z9472_y1024_x2304,2.706,0.1346,0.0016,0.0721,-0.0004,6050
s1_z192_y2688_x4800,2.705,0.1731,0.0153,0.0773,-0.0006,4046
s1_z4800_y2304_x4992,2.705,0.1379,0.0153,0.0845,0.0029,2241
s4_z3840_y768_x2304,2.705,0.1029,-0.0014,0.0529,-0.0008,6343
s4_z9472_y1792_x2048,2.705,0.1399,0.0031,0.0712,-0.0012,5632
s1_z11840_y4480_x3200,2.703,0.1297,0.0157,0.0835,0.0068,20385
s1_z5760_y2880_x4608,2.701,0.1895,0.0241,0.1362,0.0121,1585
s4_z2304_y1280_x1024,2.699,0.0865,0.0038,0.0543,-0.0002,4978
s1_z5568_y2496_x3072,2.694,0.1812,0.0386,0.1374,0.0236,4225
s4_z9472_y1536_x2048,2.693,0.1037,-0.002,0.0511,-0.0036,5801
s4_z5888_y2048_x2560,2.692,0.1413,0.004,0.0677,0.0008,4586
s1_z12480_y5120_x3200,2.691,0.1504,0.0148,0.0876,0.0025,17606
s1_z2112_y2112_x4800,2.691,0.1458,0.0099,0.0845,-0.0041,2436
s4_z2560_y768_x2304,2.687,0.1213,0.0157,0.0608,0.0058,4554
s1_z960_y2496_x3072,2.686,0.1619,0.0218,0.0975,0.0101,4310
s4_z2560_y512_x2304,2.686,0.0905,0.0098,0.05,0.0038,5513
s1_z4800_y2304_x2688,2.685,0.1374,-0.004,0.0817,-0.0038,2421
s1_z5952_y2496_x4416,2.684,0.1508,0.0197,0.0965,0.014,3915
s4_z9984_y256_x1280,2.684,0.1071,0.0032,0.0582,0.0012,10481
s1_z12160_y5120_x3200,2.683,0.1364,0.013,0.0842,0.0044,20559
s1_z9920_y4160_x3200,2.679,0.1405,0.0138,0.0801,0.0039,12327
s4_z4096_y1792_x2560,2.679,0.1383,0.0109,0.0767,0.0009,5330
s1_z2112_y2688_x4608,2.678,0.1413,0.003,0.0795,-0.0051,2781
s1_z1152_y2880_x3264,2.676,0.1639,0.0185,0.0936,0.0073,2843
s4_z9472_y768_x512,2.676,0.1216,-0.0015,0.0598,-0.0062,3960
s4_z1280_y1280_x2560,2.672,0.0988,0.0056,0.0416,-0.0004,4085
s4_z1536_y1536_x2560,2.667,0.1251,0.0086,0.0473,-0.0045,4787
s1_z5952_y2112_x3648,2.666,0.1407,0.0192,0.0768,0.0057,2592
s4_z1792_y1280_x1024,2.666,0.0707,-0.0015,0.0368,-0.0014,4701
s4_z2816_y768_x2304,2.665,0.1206,0.0133,0.0665,0.0037,4873
s1_z960_y2112_x4800,2.664,0.1459,0.0184,0.098,0.0074,3475
s4_z1792_y1536_x2560,2.664,0.072,0.0025,0.0372,0.0003,5181
s1_z5952_y2880_x3072,2.663,0.1694,0.0126,0.1128,0.0116,2647
s1_z960_y2496_x4800,2.661,0.1466,0.0107,0.077,0.0025,1995
s4_z6912_y1792_x512,2.661,0.089,-0.0081,0.0439,-0.0044,5531
s1_z4416_y2112_x4800,2.659,0.1288,0.019,0.0776,0.009,4169
s1_z8704_y4352_x3328,2.659,0.1466,0.0054,0.0827,-0.0011,5957
s1_z4416_y2304_x4800,2.656,0.1663,0.0155,0.0912,0.0016,2158
s1_z6528_y3840_x3264,2.655,0.1551,0.0072,0.081,-0.007,4208
s1_z384_y2304_x3072,2.653,0.1627,0.0064,0.0922,-0.0025,2023
s4_z3584_y2304_x1024,2.648,0.0896,-0.0048,0.0499,-0.005,5086
s1_z8192_y4096_x3072,2.647,0.1548,0.0149,0.0838,0.004,9133
s4_z8192_y1792_x2560,2.646,0.119,0.0007,0.073,-0.0014,3525
s1_z384_y2688_x3072,2.645,0.1543,0.0174,0.0937,0.0045,3389
s1_z9600_y4160_x3200,2.644,0.1587,0.0183,0.089,0.007,15137
s4_z2304_y512_x2560,2.642,0.08,-0.0021,0.0357,-0.0004,7023
s4_z4096_y2048_x1280,2.642,0.0896,-0.0196,0.053,-0.0097,5722
s1_z7424_y3584_x4352,2.64,0.1263,0.0145,0.063,-0.0003,7646
s4_z9472_y768_x768,2.64,0.1253,-0.006,0.0707,-0.0043,6630
s4_z2560_y768_x2560,2.639,0.0923,0.0068,0.0514,0.0011,4606
s1_z2304_y2496_x4608,2.638,0.1227,0.0073,0.0647,-0.0015,4230
s4_z9216_y1792_x2304,2.638,0.0903,0.0038,0.0524,-0.0006,5734
s1_z8448_y3328_x4352,2.637,0.1459,0.022,0.0797,0.0108,8085
s1_z4800_y2688_x4800,2.635,0.1182,0.0089,0.0767,-0.0013,2673
s4_z5376_y1536_x2560,2.635,0.1071,0.0016,0.0482,-0.0039,8303
s4_z6400_y1792_x2304,2.635,0.127,-0.01,0.049,-0.01,4464
s1_z8192_y3328_x4352,2.633,0.1439,0.0154,0.0826,0.0,9297
s1_z8448_y3072_x3840,2.632,0.1377,0.0166,0.077,0.0041,8345
s1_z4224_y2112_x4608,2.629,0.1412,0.0103,0.0892,0.0068,4018
s4_z3072_y768_x2048,2.629,0.081,0.0095,0.0478,0.0018,6541
s1_z4800_y2304_x4416,2.628,0.1459,0.0157,0.0933,0.0062,2651
s1_z5184_y2496_x4608,2.626,0.1609,0.0221,0.0838,0.0055,3584
s1_z8448_y4352_x3840,2.624,0.1535,0.0196,0.101,0.0104,6044
s4_z2048_y768_x2304,2.624,0.0662,0.003,0.0418,0.002,5661
s4_z5632_y2048_x2560,2.624,0.1111,-0.0067,0.0551,-0.0045,4085
s1_z5760_y2304_x3072,2.622,0.1123,0.0104,0.0772,0.0048,4609
s1_z1152_y2112_x2880,2.62,0.128,0.0139,0.0878,0.0089,3782
s1_z1920_y2688_x4608,2.62,0.161,0.0055,0.0703,-0.0047,2091
s1_z9600_y2880_x2560,2.619,0.1563,0.0061,0.0894,-0.0007,15161
s1_z5760_y3456_x4800,2.617,0.1362,0.0144,0.0972,0.0063,3582
s1_z1344_y2688_x3072,2.611,0.1594,0.0104,0.0975,-0.0009,2427
s1_z6720_y3840_x4416,2.611,0.1796,0.0338,0.1156,0.0149,3947
s1_z4800_y2688_x2688,2.609,0.1238,0.0147,0.0805,0.0068,4245
s4_z2816_y1280_x2304,2.609,0.1323,0.0056,0.0547,-0.0041,4623
s1_z10240_y3200_x2560,2.608,0.1371,0.0159,0.0828,0.0057,12906
s4_z3328_y768_x1792,2.608,0.1305,0.0109,0.0754,0.0048,8066
s4_z3584_y2304_x1280,2.608,0.0956,0.0059,0.0568,0.002,4215
s1_z6528_y3840_x3072,2.607,0.1545,0.0212,0.0802,0.0075,3741
s4_z1536_y1280_x1024,2.606,0.104,-0.0012,0.0466,-0.0043,3699
s1_z5568_y2880_x2688,2.605,0.1412,0.007,0.0862,0.0032,3109
s1_z2112_y1728_x4032,2.604,0.1169,0.0188,0.073,0.0052,3096
s1_z10560_y4480_x3520,2.603,0.1486,0.0144,0.09,-0.0004,17740
s4_z1536_y1536_x1024,2.603,0.1182,0.0066,0.0503,-0.0011,3826
s4_z9472_y1536_x2304,2.602,0.158,0.0016,0.0905,-0.0022,4538
s1_z960_y2880_x4416,2.6,0.1495,0.0142,0.075,0.0081,2637
s1_z11200_y4480_x2880,2.599,0.1443,0.0165,0.0996,0.0076,15668
s4_z1792_y768_x1280,2.599,0.1082,0.005,0.0466,-0.0003,5148
s1_z1728_y2112_x3072,2.597,0.1561,0.015,0.0805,0.001,6478
s1_z8448_y4096_x4096,2.597,0.1476,0.0197,0.0888,0.009,6940
s4_z4608_y1536_x2560,2.597,0.0852,0.0004,0.0517,0.0011,4997
s1_z10240_y4160_x3840,2.595,0.1443,0.0158,0.0921,0.0013,16902
s4_z4096_y1536_x2560,2.595,0.0993,0.0023,0.0466,-0.0022,5015
s4_z6144_y1536_x1792,2.595,0.1112,0.0005,0.0592,-0.0044,7196
s4_z6144_y1536_x512,2.595,0.1181,-0.0037,0.0639,-0.004,4727
s1_z1920_y2496_x2880,2.592,0.1459,0.026,0.0957,0.0149,2906
s1_z6912_y3840_x3584,2.592,0.1323,0.0209,0.065,0.0056,9111
s4_z5376_y1280_x1536,2.592,0.1043,0.0044,0.05,0.0018,8031
s4_z5632_y2304_x2304,2.591,0.08,-0.0103,0.0387,-0.0068,6555
s1_z192_y2304_x2880,2.588,0.1184,0.0044,0.0907,0.0058,3292
s4_z3072_y2048_x1280,2.588,0.1369,0.0039,0.0659,-0.0046,5905
s4_z7168_y1536_x1280,2.588,0.1205,0.006,0.0574,-0.004,6468
s1_z6720_y3648_x3264,2.586,0.116,0.0169,0.0602,0.0055,4152
s4_z1536_y768_x1536,2.586,0.1386,0.0071,0.0707,0.0033,6035
s4_z3072_y2048_x1536,2.586,0.0644,-0.0009,0.0344,-0.0026,7853
s1_z8960_y3072_x4096,2.585,0.1546,0.0219,0.0905,0.0073,8344
s1_z9472_y2816_x2304,2.585,0.1623,0.0186,0.0944,0.0032,5594
s1_z7168_y2816_x3072,2.583,0.1678,0.0304,0.1052,0.0127,7208
s4_z3840_y1792_x2304,2.58,0.1124,0.0024,0.0499,-0.0009,5502
s4_z4096_y1536_x2304,2.58,0.0774,-0.0029,0.0429,-0.0019,4082
s4_z8448_y1280_x768,2.58,0.0911,-0.003,0.0445,-0.0035,6936
s1_z5568_y2688_x2688,2.579,0.1408,-0.0011,0.0709,-0.0055,3090
s1_z2112_y2496_x4608,2.578,0.163,0.0123,0.0902,-0.0027,3268
s1_z5376_y2880_x4800,2.578,0.1146,0.0096,0.0621,-0.004,4743
s1_z384_y3072_x3840,2.577,0.1409,0.0152,0.0745,0.0034,3375
s1_z8704_y4096_x3072,2.577,0.1351,0.0083,0.0769,-0.0033,8358
s1_z7168_y3840_x3072,2.576,0.1182,0.0132,0.07,0.0026,8871
s1_z5952_y3264_x4800,2.575,0.1379,0.0241,0.0957,0.0145,1712
s4_z6400_y2048_x2560,2.574,0.1056,-0.0001,0.0505,-0.0033,5931
s1_z6720_y3648_x4608,2.573,0.1422,0.0224,0.0794,0.0075,3354
s1_z5760_y2304_x4032,2.568,0.1351,0.0127,0.0675,-0.0018,4758
s4_z5376_y2304_x1280,2.568,0.1157,0.0046,0.0524,-0.004,7147
s1_z10880_y3520_x3840,2.567,0.1328,0.0192,0.0701,0.0078,12372
s1_z7680_y4096_x3328,2.567,0.1396,0.002,0.0841,-0.0037,8216
s1_z3648_y2496_x2496,2.566,0.1396,0.0081,0.0867,-0.0003,2610
s1_z6912_y2688_x2688,2.565,0.1116,0.0097,0.07,0.0063,33515
s1_z12480_y4800_x2560,2.562,0.1341,0.0099,0.0843,0.0034,18305
s1_z384_y2112_x4800,2.559,0.1406,0.0212,0.0762,0.0071,4607
s4_z6400_y1536_x1536,2.557,0.1344,-0.002,0.0733,-0.0033,5419
s1_z1536_y2688_x2880,2.556,0.1147,-0.017,0.0673,-0.0068,2452
s1_z11840_y3200_x2880,2.549,0.1313,0.018,0.0841,0.0096,21317
s1_z5760_y2304_x3840,2.547,0.1218,0.0118,0.0705,0.0023,4894
s4_z4608_y768_x2048,2.547,0.1033,-0.0001,0.0529,-0.0016,7489
s4_z3072_y2048_x1792,2.546,0.1348,0.0072,0.0467,-0.0033,6930
s1_z7680_y4096_x3584,2.543,0.1343,0.0106,0.0872,0.0044,7589
s4_z5632_y1536_x1024,2.541,0.1124,0.0012,0.0616,-0.0019,8019
s1_z2496_y2304_x4992,2.54,0.1357,0.024,0.083,0.0101,2361
s4_z2304_y2048_x1280,2.538,0.0988,0.0031,0.0545,-0.0002,5550
s4_z3840_y1536_x2560,2.538,0.0973,-0.0011,0.0547,-0.0022,4741
s1_z1920_y1920_x4608,2.535,0.1383,0.0097,0.0687,-0.0026,4319
s4_z6912_y1280_x1792,2.535,0.1244,0.0041,0.061,-0.0056,3011
s1_z8960_y4096_x3840,2.533,0.1579,0.0181,0.0947,0.0025,8988
s4_z5120_y1024_x1280,2.533,0.0989,0.0025,0.0435,-0.0013,7675
s1_z9472_y4096_x3072,2.532,0.1332,0.0142,0.0684,0.0013,10018
s1_z6144_y2880_x4608,2.53,0.1286,-0.0003,0.0734,0.0004,2829
s4_z3584_y2304_x1536,2.53,0.0859,0.0012,0.0434,-0.0014,3115
s4_z6144_y1024_x1024,2.53,0.1298,0.0013,0.0714,-0.0025,2248
s4_z8704_y1280_x2304,2.53,0.1246,0.005,0.0658,0.0003,7680
s1_z4224_y2496_x4608,2.529,0.1369,0.0224,0.0777,0.0084,3600
s1_z8448_y4096_x2816,2.529,0.1327,0.0147,0.0816,0.0078,9437
s1_z5760_y2496_x4224,2.528,0.1459,0.0151,0.0851,0.0044,4064
s1_z6528_y3264_x2880,2.526,0.1143,0.011,0.0668,0.0056,3800
s1_z384_y2304_x2688,2.525,0.1424,0.019,0.0889,0.0114,2153
s1_z5568_y2496_x4992,2.525,0.1838,0.0303,0.1251,0.0102,2584
s4_z5120_y1536_x2560,2.525,0.0728,-0.0015,0.0448,-0.0026,7695
s1_z5760_y3264_x4608,2.523,0.1435,0.0129,0.0705,-0.0007,2102
s4_z1024_y2048_x1280,2.523,0.0739,-0.0049,0.0416,-0.0027,5240
s4_z5376_y1280_x2304,2.523,0.1241,0.0005,0.0573,-0.0048,8532
s1_z7424_y2816_x3840,2.522,0.1228,0.0016,0.0564,-0.007,6759
s4_z7680_y1280_x1536,2.521,0.0699,-0.0006,0.0338,-0.0025,5550
s4_z4352_y1280_x2560,2.519,0.0948,0.0012,0.0607,-0.0023,4563
s4_z3328_y2048_x1024,2.514,0.0982,0.0083,0.0529,0.0028,4851
s1_z5568_y3264_x3264,2.513,0.1235,0.011,0.0697,0.0022,4315
s4_z7424_y2304_x2560,2.513,0.0971,0.0072,0.0504,0.0016,6336
s1_z6912_y4096_x3328,2.511,0.1451,0.0125,0.0848,0.0023,8716
s4_z9728_y512_x1024,2.511,0.1014,0.0029,0.047,-0.0023,6596
s1_z6720_y3456_x2880,2.509,0.1143,-0.0021,0.0755,-0.0042,3475
s4_z5888_y2304_x2560,2.508,0.0698,0.0045,0.0353,-0.0008,7319
s1_z3840_y2304_x2496,2.507,0.1623,0.0094,0.0995,-0.0036,2634
s4_z4864_y1024_x1792,2.506,0.1211,0.0016,0.0519,-0.0016,7239
s4_z9216_y1024_x512,2.506,0.1034,-0.0019,0.0565,-0.002,6356
s1_z12160_y4800_x2560,2.504,0.1184,0.0053,0.0728,-0.0031,18790
s1_z1728_y1728_x4032,2.502,0.1334,0.0163,0.0825,0.0069,3152
s1_z1536_y1728_x4032,2.5,0.1237,0.0173,0.0736,0.0057,2589
s1_z4416_y2880_x3264,2.5,0.1432,0.0097,0.0702,0.0053,2900
s1_z1728_y2688_x2880,2.499,0.1448,0.0074,0.0804,-0.0027,2303
s1_z5760_y3072_x4800,2.497,0.1249,0.0174,0.075,0.0069,2378
s1_z4416_y2304_x4992,2.496,0.1502,0.0231,0.0915,0.0051,3078
s4_z1280_y768_x1280,2.493,0.1327,0.0082,0.0495,0.0018,6026
s4_z4608_y1792_x2304,2.493,0.1008,-0.0043,0.0481,-0.005,5370
s4_z8960_y1536_x2304,2.493,0.1181,-0.0017,0.0516,-0.0034,4531
s1_z5760_y2304_x4224,2.492,0.1299,0.009,0.0679,-0.0022,3966
s1_z6144_y3456_x4800,2.491,0.1427,0.0214,0.0807,0.0007,2258
s1_z11840_y3200_x2240,2.49,0.1417,0.0112,0.0837,0.0022,12975
s4_z5376_y1536_x2304,2.49,0.1267,-0.0064,0.0506,-0.0085,6375
s1_z960_y2496_x2880,2.489,0.1502,0.0184,0.0821,0.0034,4227
s4_z2304_y1536_x2560,2.489,0.0777,0.0046,0.0421,0.0003,6876
s1_z5760_y2304_x3648,2.487,0.1384,0.0149,0.0736,0.0008,3368
s4_z7680_y1280_x1280,2.486,0.1038,-0.0031,0.0515,-0.0049,5096
s1_z7168_y3840_x3840,2.485,0.1456,0.0219,0.0893,0.0074,10324
s4_z3328_y2304_x1024,2.485,0.1175,0.001,0.068,-0.004,6072
s4_z7168_y1792_x2560,2.485,0.148,0.0064,0.0782,-0.0003,5037
s1_z12160_y3200_x2560,2.484,0.1182,0.0074,0.0621,0.0019,15248
s4_z4352_y1024_x2304,2.483,0.0881,0.0089,0.0456,0.0003,5940
s1_z1536_y2112_x4800,2.481,0.1697,0.0123,0.1053,0.0031,2594
s4_z8192_y1024_x1536,2.481,0.1415,0.0118,0.0727,0.0008,4022
s4_z1792_y2048_x1536,2.48,0.0959,0.0063,0.0439,0.0002,3534
s4_z5632_y2560_x1536,2.48,0.0784,0.0017,0.0455,0.0001,5594
s1_z5760_y3264_x3072,2.479,0.1266,0.0111,0.0896,0.0083,2821
s4_z7936_y1280_x1280,2.479,0.1076,-0.0089,0.054,-0.0026,5420
s1_z11200_y3520_x3520,2.475,0.1087,0.0122,0.0577,0.0027,15193
s4_z1792_y512_x2304,2.475,0.0818,0.0102,0.0406,0.0008,5724
s1_z1728_y2688_x3264,2.472,0.1027,-0.0078,0.0501,-0.0063,1940
s1_z4608_y2112_x4800,2.472,0.1095,0.0132,0.0673,0.0084,5820
s4_z3072_y1792_x1024,2.472,0.1023,-0.004,0.0479,-0.0062,5543
s1_z12480_y4160_x2240,2.471,0.1305,0.0103,0.0685,-0.0012,15680
s1_z5952_y2496_x3264,2.471,0.1013,0.0088,0.0592,0.0019,5273
s1_z8192_y3328_x4096,2.471,0.1368,0.0147,0.0874,0.0045,7327
s1_z8192_y2816_x2816,2.47,0.1212,0.0074,0.0693,0.0004,6963
s4_z9728_y2048_x1280,2.47,0.1213,0.0038,0.0575,-0.0034,8148
s4_z1536_y512_x1792,2.465,0.1393,0.0154,0.0677,0.0025,6570
s4_z3328_y1280_x2560,2.465,0.0689,-0.0082,0.0358,-0.0057,3893
s1_z6912_y3840_x3840,2.459,0.1052,0.0113,0.0625,0.0045,11940
s1_z2112_y2688_x4416,2.457,0.1328,0.01,0.0717,-0.002,2273
s1_z5760_y2688_x4416,2.457,0.1451,0.0185,0.0883,0.0021,3034
s4_z6912_y1280_x2304,2.457,0.141,0.0082,0.0743,0.0,3895
s1_z1728_y2496_x3072,2.455,0.1575,0.0168,0.1006,0.007,2651
s4_z2304_y512_x2048,2.455,0.0754,0.0046,0.0436,0.0016,4598
s4_z6656_y1280_x1280,2.455,0.0677,-0.0019,0.0407,-0.0035,6443
s1_z1920_y2112_x4800,2.454,0.1302,-0.0004,0.0691,-0.0079,2614
s4_z4864_y1536_x2560,2.454,0.1136,0.0034,0.0476,-0.0032,7977
s1_z10880_y3520_x3520,2.453,0.1204,0.0107,0.0683,0.001,10745
s1_z7680_y3328_x2816,2.451,0.1403,0.0152,0.08,0.0006,10893
s1_z9216_y4096_x2816,2.45,0.1257,0.01,0.0778,0.0045,8476
s4_z2560_y1280_x2560,2.45,0.0683,0.0049,0.0417,0.0027,6419
s4_z1280_y2048_x1280,2.447,0.0746,-0.003,0.0349,-0.0044,6074
s1_z768_y2112_x3072,2.445,0.1506,0.0238,0.1036,0.0115,4672
s4_z4608_y2048_x2560,2.445,0.0987,0.0037,0.0481,-0.0002,5810
s4_z3840_y2048_x768,2.443,0.1011,-0.0001,0.0515,-0.0032,5236
s1_z12160_y3200_x2880,2.442,0.1131,0.0088,0.0708,0.002,25065
s4_z2048_y512_x2560,2.44,0.1272,0.0098,0.0565,0.0028,6343
s1_z5376_y2496_x4416,2.438,0.1425,0.0119,0.0928,0.004,4284
s4_z3072_y1536_x2560,2.437,0.0613,0.0005,0.0329,-0.0009,5490
s4_z4608_y1024_x1792,2.437,0.0741,0.0039,0.0379,0.0022,8575
s4_z5120_y2048_x2304,2.437,0.1159,-0.0001,0.0513,-0.0031,8286
s4_z4352_y2048_x768,2.435,0.097,-0.0051,0.0506,-0.0063,5422
s1_z3456_y2688_x3648,2.434,0.1118,0.0131,0.0746,0.0008,3430
s1_z4800_y2112_x2880,2.432,0.1605,0.0252,0.1028,0.015,5692
s4_z1792_y1792_x1280,2.432,0.1266,-0.003,0.0483,-0.0049,5694
s4_z4096_y2304_x768,2.432,0.1288,0.0071,0.0543,-0.0007,4760
s1_z384_y2112_x3072,2.431,0.1106,0.016,0.0843,0.0142,5492
s4_z1792_y1792_x1024,2.431,0.059,-0.0072,0.0322,-0.002,6555
s1_z5760_y2496_x4416,2.43,0.1567,0.0121,0.0785,-0.0055,3051
s4_z7424_y1792_x2304,2.426,0.1088,0.0017,0.0564,-0.0001,6741
s4_z9216_y1280_x2048,2.426,0.1392,0.0025,0.05,-0.0051,4114
s1_z576_y2880_x4032,2.425,0.1173,0.0188,0.0831,0.0093,4053
s1_z4416_y2688_x4800,2.424,0.1684,0.0321,0.1171,0.0176,3221
s4_z3584_y1536_x2560,2.424,0.0801,0.0072,0.0417,0.0003,4625
s4_z768_y768_x1280,2.424,0.1156,0.0036,0.0461,-0.0027,5557
s1_z3456_y2688_x3264,2.423,0.1285,0.0089,0.0758,0.0031,2378
s1_z5952_y3072_x4992,2.423,0.1047,-0.0002,0.0537,-0.0032,2913
s1_z11520_y4160_x3520,2.421,0.1121,0.0133,0.0687,0.0035,18344
s1_z2304_y2688_x4032,2.421,0.1269,0.0001,0.076,-0.0062,1912
s1_z5184_y2304_x4608,2.421,0.151,0.0144,0.0732,-0.0011,3962
s4_z1536_y768_x1280,2.421,0.1016,-0.0027,0.0367,-0.0036,5255
s4_z3072_y768_x1792,2.421,0.1037,0.005,0.0514,0.003,8139
s4_z6656_y1280_x768,2.42,0.0661,0.0015,0.0397,0.0004,6356
s4_z8704_y2304_x2304,2.42,0.1246,0.0121,0.0816,0.0042,5494
s1_z1920_y2496_x4800,2.418,0.1072,-0.0143,0.0621,-0.0098,2057
s1_z6336_y2688_x3648,2.417,0.1072,0.0024,0.0626,0.002,3477
s1_z1536_y2112_x3072,2.416,0.1117,0.0116,0.066,0.0036,6056
s1_z768_y2496_x4608,2.416,0.1431,0.0088,0.082,0.0007,3894
s1_z5184_y2304_x4416,2.415,0.1356,0.0175,0.0843,0.0096,5114
s4_z9728_y1024_x512,2.413,0.0986,-0.0076,0.0447,-0.0078,5174
s1_z5568_y2112_x4032,2.412,0.1006,0.0098,0.0623,0.0048,5982
s4_z1536_y2048_x1280,2.412,0.0872,-0.0045,0.0447,-0.0039,6460
s4_z5376_y2304_x1024,2.412,0.071,0.0,0.0381,-0.0006,5571
s4_z3072_y768_x2304,2.411,0.0702,0.0054,0.0382,0.0026,7931
s1_z384_y2880_x3456,2.409,0.1242,0.0144,0.0837,0.0052,3425
s1_z6144_y3648_x2880,2.409,0.1172,0.0147,0.0652,0.0047,4053
s4_z1280_y512_x1792,2.407,0.1277,0.0103,0.0578,0.0016,6100
s1_z8192_y3840_x3072,2.406,0.1649,0.025,0.0985,0.0078,7934
s1_z4416_y2112_x4992,2.405,0.1155,0.0144,0.0752,0.0044,3219
s4_z2304_y1280_x2304,2.405,0.151,0.018,0.0582,-0.0004,4325
s1_z9600_y3520_x2560,2.404,0.1019,0.0041,0.0605,0.0005,16112
s4_z4096_y2304_x1024,2.404,0.0752,-0.0009,0.0411,-0.0054,5646
s1_z1728_y2112_x2880,2.401,0.1261,0.0109,0.0568,0.0022,5245
s4_z3840_y1536_x2304,2.401,0.0654,-0.0003,0.0318,-0.003,4400
s4_z5376_y2048_x2304,2.401,0.0987,0.0027,0.0545,0.0021,6734
s4_z5120_y1024_x1536,2.398,0.0777,0.0009,0.0351,-0.0016,9135
s1_z4992_y2304_x2688,2.396,0.1352,0.0032,0.0873,0.0007,2826
s1_z10240_y3840_x3840,2.394,0.1349,0.0163,0.078,0.0013,13908
s4_z2048_y1792_x1024,2.394,0.0906,0.0031,0.039,-0.0035,5615
s1_z1728_y1920_x4608,2.39,0.1478,0.0025,0.0874,-0.0056,3432
s1_z768_y2880_x3840,2.389,0.0935,0.0111,0.05,0.0054,2900
s4_z7424_y1792_x1792,2.389,0.1265,-0.0088,0.0705,-0.0105,5405
s4_z9984_y2048_x1536,2.388,0.1094,0.0029,0.0543,-0.0006,9108
s4_z4608_y1024_x2304,2.387,0.071,0.0036,0.038,-0.0,7164
s1_z4416_y2496_x2688,2.386,0.1267,0.0004,0.087,-0.0028,3113
s4_z5376_y1280_x1024,2.383,0.095,-0.0067,0.0488,-0.0021,6603
s4_z4608_y768_x1792,2.382,0.0921,0.0028,0.0537,0.001,7130
s1_z6528_y3456_x2880,2.381,0.1407,0.0166,0.0774,0.001,3917
s4_z8704_y1792_x2048,2.381,0.1454,0.0093,0.0731,-0.0011,3108
s4_z7680_y2304_x2560,2.38,0.088,-0.0031,0.0476,-0.0049,6835
s4_z2560_y1024_x1280,2.379,0.1124,0.0076,0.0426,-0.0005,8082
s4_z5888_y1280_x2048,2.379,0.104,0.0066,0.0576,0.0007,9906
s4_z6400_y1792_x2560,2.379,0.1311,0.0058,0.0818,0.0043,4225
s4_z4864_y1280_x768,2.378,0.0873,-0.0006,0.0589,-0.0002,5480
s1_z768_y2880_x3648,2.377,0.1308,0.0207,0.0601,-0.0004,4435
s4_z3328_y512_x1792,2.377,0.0906,0.0094,0.0515,0.0003,7238
s4_z4864_y2048_x2560,2.376,0.0957,0.0018,0.0362,-0.0049,3411
s4_z2816_y1792_x1792,2.375,0.1113,0.0046,0.0557,0.0011,6317
s4_z6144_y1792_x2304,2.374,0.1189,-0.0005,0.0605,-0.0029,7074
s1_z9472_y3072_x2560,2.373,0.1374,0.0095,0.0843,0.002,6811
s4_z8448_y2304_x2304,2.373,0.1117,0.0039,0.0471,0.0014,8574
s4_z3328_y1536_x1024,2.372,0.0942,0.0002,0.047,-0.0018,7134
s1_z6720_y2688_x4032,2.371,0.1208,0.0162,0.073,0.0091,4503
s1_z9920_y2560_x2880,2.371,0.1191,0.0127,0.0795,0.004,23772
s4_z7424_y1536_x2048,2.369,0.0947,-0.0007,0.0427,-0.001,7162
s4_z9728_y2048_x1024,2.369,0.0692,-0.0001,0.0323,-0.0012,5736
s1_z11200_y3200_x2240,2.368,0.1265,0.01,0.0772,0.0029,20163
s1_z5760_y3072_x4992,2.368,0.1192,0.0064,0.0795,0.0034,2802
s1_z9472_y3584_x2560,2.365,0.1153,0.0056,0.0635,-0.0021,8260
s4_z6656_y1280_x1024,2.364,0.1057,0.0015,0.0479,-0.0034,6615
s1_z8448_y4096_x3584,2.363,0.1151,0.0077,0.0547,-0.0017,9694
s4_z7168_y1536_x1536,2.363,0.1021,-0.0045,0.0522,-0.005,4256
s1_z2112_y2688_x4032,2.361,0.1366,0.0033,0.074,-0.0058,1875
s4_z6912_y2048_x2560,2.361,0.0788,0.0036,0.0401,-0.0016,4270
s1_z6720_y3840_x3456,2.359,0.1405,0.0222,0.0855,0.0073,4574
s4_z1024_y1280_x1024,2.358,0.0805,-0.0014,0.0365,-0.0037,3817
s1_z4800_y2688_x4992,2.357,0.1176,0.0202,0.0824,0.0094,2208
s1_z7680_y3072_x4352,2.356,0.1519,0.0147,0.0815,-0.0009,6459
s1_z576_y2688_x4608,2.355,0.1009,0.0043,0.056,-0.0018,3356
s1_z6912_y3840_x3072,2.353,0.1124,0.0122,0.06,0.0017,9794
s1_z3456_y2496_x4032,2.352,0.1312,0.01,0.0779,-0.0034,3891
s1_z11840_y3520_x3520,2.351,0.1193,0.0142,0.0651,0.0052,18761
s1_z384_y2304_x4992,2.351,0.1415,0.0202,0.0924,0.0066,3111
s1_z6720_y3072_x2496,2.349,0.14,0.015,0.0873,0.0017,2932
s4_z3584_y512_x2304,2.347,0.0438,-0.0014,0.02,-0.0035,2183
s4_z3840_y2048_x1792,2.345,0.1077,0.0023,0.0494,-0.0026,7181
s4_z4608_y1792_x2816,2.344,0.0763,-0.0027,0.0368,-0.0039,3849
s1_z5376_y3072_x4608,2.343,0.0737,0.0018,0.0327,-0.0051,3763
s1_z5760_y2496_x2688,2.341,0.1442,-0.0002,0.0869,-0.0019,2401
s1_z6336_y2880_x4224,2.339,0.1334,0.0253,0.0879,0.0136,3594
s4_z1536_y1024_x2560,2.339,0.0721,0.0021,0.0419,0.0002,2263
s1_z4416_y2688_x2688,2.338,0.1386,0.0072,0.0687,-0.0013,4082
s4_z2816_y512_x2304,2.338,0.0822,0.0094,0.0429,0.0024,9398
s1_z8448_y4096_x3072,2.335,0.1371,0.0074,0.0625,-0.0039,9167
s4_z1024_y1024_x1024,2.335,0.08,-0.0029,0.0355,-0.0043,4370
s1_z10880_y3200_x3520,2.334,0.1346,0.0137,0.0626,-0.0013,21840
s1_z192_y2112_x4800,2.334,0.1305,0.0104,0.0707,0.0031,5878
s4_z2048_y768_x2560,2.333,0.078,0.0042,0.039,-0.0011,3852
s1_z10240_y3520_x2560,2.332,0.135,0.0174,0.0796,0.0052,14183
s4_z5120_y2048_x2816,2.332,0.1144,-0.0024,0.0635,-0.0016,3283
s4_z7936_y1536_x2048,2.33,0.1252,0.0016,0.0579,-0.0036,6165
s1_z7680_y3840_x4096,2.329,0.1189,0.0133,0.0627,0.0006,11641
s4_z3072_y512_x1792,2.329,0.0792,0.0018,0.0391,-0.0012,7507
s1_z1536_y1728_x4224,2.328,0.1144,0.0147,0.0656,0.0048,4155
s1_z9920_y3200_x3840,2.328,0.1157,0.0117,0.0669,0.0031,15963
s4_z768_y1536_x1024,2.328,0.1113,0.0093,0.0509,0.0001,5073
s1_z9600_y3840_x3840,2.327,0.1193,0.0141,0.0626,0.0035,15572
s4_z5120_y1792_x2560,2.326,0.0951,-0.0022,0.0413,-0.0035,5252
s4_z2816_y1792_x768,2.322,0.0581,-0.0116,0.0329,-0.0107,5406
s4_z7424_y1792_x2048,2.321,0.1237,-0.0154,0.0574,-0.0083,4100
s1_z192_y2112_x3072,2.318,0.1422,0.0159,0.0876,-0.0004,4699
s1_z4800_y2496_x4608,2.318,0.1303,0.0077,0.0823,0.0002,2845
s4_z4864_y1792_x2560,2.318,0.0957,-0.0003,0.0448,-0.0009,5330
s4_z7936_y1280_x1536,2.318,0.0897,-0.0063,0.0362,-0.0066,5263
s4_z6144_y1536_x2048,2.316,0.117,0.0005,0.0604,-0.002,8014
s4_z768_y2048_x1792,2.316,0.0905,-0.0032,0.0396,-0.005,3547
s1_z12480_y3520_x3200,2.315,0.1044,0.0098,0.0589,0.0001,19546
s1_z10240_y2880_x3520,2.313,0.1175,0.009,0.0614,0.0032,19207
s1_z3840_y2496_x2496,2.313,0.1434,0.0142,0.1019,0.0056,2427
s1_z5568_y2304_x4416,2.313,0.1257,0.0159,0.0755,0.0034,4757
s1_z6144_y2496_x3264,2.313,0.1307,0.014,0.0757,0.0021,3659
s1_z6336_y3456_x4800,2.313,0.1414,0.023,0.0921,0.0044,2609
s1_z4800_y2496_x5184,2.311,0.1338,-0.0015,0.0704,0.0014,1080
s1_z2304_y2112_x4800,2.31,0.1252,0.0042,0.0703,-0.0029,3101
s4_z2048_y2048_x1280,2.31,0.1012,0.0074,0.0547,0.0014,4309
s1_z3456_y2496_x3840,2.309,0.1045,0.0097,0.0474,0.0006,4279
s4_z4352_y1024_x1024,2.307,0.0787,-0.0015,0.0419,-0.0018,6561
s4_z7424_y1536_x1024,2.307,0.0886,-0.0074,0.0455,-0.0046,5456
s4_z7680_y1024_x1280,2.307,0.0939,0.0009,0.0399,-0.0013,5585
s4_z1024_y512_x1536,2.306,0.0834,0.0038,0.0378,0.0005,7326
s1_z11520_y3520_x2240,2.305,0.1111,0.0041,0.0643,0.0024,15429
s4_z5632_y1024_x1536,2.305,0.0921,-0.0076,0.0431,-0.0042,6137
s1_z1344_y2688_x2880,2.304,0.1418,-0.0022,0.0594,-0.0028,3084
s1_z8960_y2560_x2560,2.304,0.1103,0.0093,0.062,0.0016,7785
s1_z9472_y3840_x2560,2.302,0.0871,-0.0012,0.0427,-0.0016,9590
s1_z5376_y2496_x4608,2.298,0.1252,0.0043,0.0654,-0.0013,4075
s1_z9472_y2816_x2560,2.298,0.1597,0.0116,0.0996,0.0059,7293
s1_z9920_y4480_x3520,2.298,0.1188,0.0093,0.0734,-0.0,16662
s1_z1344_y2112_x4800,2.296,0.1244,0.0043,0.0694,-0.004,3195
s1_z9216_y3328_x2560,2.294,0.0964,0.0042,0.0601,0.0033,8532
s4_z2560_y1280_x1024,2.293,0.0842,-0.0011,0.0435,-0.001,5171
s4_z4864_y2560_x1536,2.293,0.0537,0.0003,0.0292,-0.0022,4313
s4_z4352_y768_x2048,2.291,0.0994,-0.0004,0.0401,-0.0038,6468
s1_z576_y2112_x4800,2.289,0.1455,0.0223,0.0948,0.0114,4973
s4_z9728_y1792_x768,2.289,0.0869,0.0045,0.0424,-0.002,7030
s1_z10880_y2880_x3200,2.288,0.1279,0.0122,0.0737,0.002,24095
s4_z9472_y2048_x2048,2.287,0.0777,-0.0004,0.0373,-0.0031,4067
s1_z5376_y2304_x4416,2.286,0.1427,0.0138,0.0667,-0.0016,5252
s1_z4416_y2688_x3264,2.285,0.1476,0.0179,0.0838,0.0051,3130
s1_z6144_y2496_x3648,2.283,0.136,0.0258,0.0842,0.0133,3190
s1_z4032_y2304_x2496,2.282,0.1216,0.0085,0.0778,0.0011,2933
s1_z5952_y3840_x3264,2.282,0.0987,0.0128,0.0648,0.0032,6494
s4_z1280_y2048_x2048,2.282,0.0746,0.0032,0.0383,-0.0015,4626
s1_z1152_y2688_x4608,2.281,0.131,0.0187,0.0843,0.0102,2764
s1_z12160_y4480_x3200,2.281,0.1084,0.0093,0.0617,0.0013,17416
s1_z960_y2304_x4800,2.281,0.1371,0.0101,0.0756,0.0033,3343
s1_z3456_y2688_x3072,2.28,0.1191,0.0018,0.0697,0.0017,2621
s4_z3072_y1792_x1792,2.28,0.0663,0.0025,0.035,0.0006,8330
s4_z3584_y768_x1280,2.279,0.0812,-0.0025,0.0389,-0.0021,9890
s1_z8192_y3328_x2816,2.278,0.1112,0.0064,0.055,-0.001,8588
s4_z5120_y1792_x768,2.277,0.0959,0.0015,0.0475,-0.0035,4707
s4_z3840_y2048_x2048,2.276,0.0603,-0.0031,0.0423,-0.0023,6960
s4_z5376_y1280_x768,2.276,0.1292,0.01,0.0724,0.0001,7100
s4_z5888_y1536_x1024,2.276,0.0935,0.0003,0.0543,-0.0004,8517
s4_z7936_y2304_x2304,2.276,0.1017,0.0017,0.0382,-0.003,6373
s4_z9728_y2304_x1536,2.276,0.0964,0.0088,0.0527,0.0041,7807
s1_z5376_y3264_x4608,2.274,0.1205,0.0202,0.0737,0.006,4160
s4_z7680_y2048_x2048,2.274,0.1396,0.0044,0.0664,-0.0064,4263
s1_z5184_y2496_x4800,2.273,0.1174,0.0064,0.0566,-0.0038,3332
s4_z8960_y2304_x2048,2.271,0.0743,0.0036,0.0397,0.0003,3811
s4_z9216_y2304_x1280,2.271,0.1002,-0.0001,0.0422,-0.0054,5114
s4_z2560_y2048_x1792,2.27,0.1022,0.0056,0.0455,0.0007,5360
s4_z3584_y2048_x1792,2.27,0.0928,0.0029,0.0439,-0.0017,4901
s1_z5760_y3072_x2880,2.267,0.1043,-0.0023,0.062,-0.004,3288
s4_z4352_y1536_x1024,2.267,0.1137,0.0011,0.0544,-0.0011,4970
s1_z5952_y2304_x3648,2.264,0.1073,0.0066,0.0648,0.0016,4188
s1_z8448_y3072_x4096,2.264,0.1324,0.0083,0.0732,0.002,13066
s4_z4864_y1024_x1536,2.264,0.0725,0.0038,0.0362,0.0002,8981
s4_z5120_y2304_x1024,2.264,0.0829,-0.0024,0.0452,-0.0016,5421
s4_z3328_y768_x2048,2.263,0.1054,0.0028,0.0584,-0.0001,8639
s1_z192_y2880_x4608,2.262,0.1248,0.0025,0.073,-0.0055,3724
s4_z5376_y1024_x1536,2.262,0.0721,0.0041,0.0344,0.0001,7124
s4_z6144_y2304_x2560,2.262,0.097,0.0049,0.0465,-0.0026,6807
s4_z2304_y1792_x2048,2.26,0.112,0.009,0.0543,0.0004,5493
s4_z3328_y768_x1280,2.259,0.0668,-0.0009,0.0363,-0.0025,7336
s1_z4800_y2496_x2688,2.258,0.106,0.0027,0.0603,-0.0028,3178
s4_z8448_y1792_x2048,2.258,0.1126,0.0052,0.0513,-0.0008,7271
s4_z2048_y1536_x2304,2.257,0.0904,0.0066,0.0422,-0.0032,5539
s1_z10560_y3520_x3840,2.256,0.1131,0.016,0.0535,0.0041,12471
s1_z960_y1920_x4416,2.253,0.1012,0.0159,0.0643,0.0066,5831
s4_z8960_y1024_x2048,2.251,0.0674,0.0017,0.0338,-0.0004,10737
s1_z4608_y3072_x3456,2.25,0.1032,0.0131,0.0485,0.004,4953
s1_z1344_y2688_x3648,2.248,0.1253,0.0212,0.0536,0.003,2047
s1_z5568_y2304_x2688,2.248,0.0909,0.0081,0.0626,0.0026,3425
s4_z5376_y2304_x768,2.248,0.0941,-0.0043,0.043,-0.0022,5105
s1_z1920_y2688_x3648,2.245,0.0803,0.0049,0.0396,-0.0034,1900
s1_z960_y2112_x3072,2.245,0.1327,0.0121,0.0887,0.0064,4417
s4_z5120_y2304_x1280,2.245,0.1103,0.0026,0.0505,-0.004,5377
s4_z2048_y1792_x2304,2.244,0.0749,0.0015,0.0377,-0.0017,5266
s1_z3456_y2688_x2688,2.243,0.1786,0.0236,0.0859,0.0038,3266
s1_z5376_y3264_x4032,2.243,0.1438,0.0108,0.0707,-0.001,2612
s1_z6720_y2880_x2496,2.243,0.1303,0.0116,0.0717,-0.0002,2891
s4_z6656_y1536_x2304,2.243,0.0471,-0.0143,0.0223,-0.0072,5478
s1_z4416_y2688_x4416,2.242,0.1032,0.0014,0.0679,-0.0003,2731
s4_z4352_y2048_x2560,2.242,0.0485,-0.0103,0.0236,-0.0059,4962
s4_z6656_y2304_x2304,2.242,0.0639,-0.0,0.0317,-0.0033,6098
s4_z2560_y768_x1536,2.241,0.0481,-0.0009,0.0298,-0.0006,8516
s1_z5760_y2112_x3648,2.238,0.1104,0.0158,0.0626,0.0037,2986
s4_z1024_y2048_x1792,2.237,0.1039,0.0058,0.0528,-0.002,3233
s1_z960_y2880_x3840,2.236,0.1387,0.0169,0.0879,0.0074,1922
s1_z12480_y3520_x3520,2.234,0.1108,0.0142,0.0593,0.0053,15240
s4_z5376_y1792_x2816,2.233,0.0927,-0.0035,0.0452,-0.0071,4823
s1_z4608_y2688_x3072,2.232,0.129,0.0177,0.086,0.0042,3591
s4_z2560_y1536_x1024,2.232,0.1019,-0.0004,0.0418,-0.0025,4175
s1_z6720_y3648_x3072,2.231,0.1189,0.0098,0.0786,0.0018,4479
s1_z960_y2688_x4800,2.231,0.1491,0.0265,0.0881,0.0103,2368
s4_z5632_y1280_x2304,2.231,0.0736,0.0017,0.0384,-0.0005,8076
s1_z7424_y3328_x3072,2.23,0.1175,0.0097,0.0666,0.0041,10575
s1_z768_y2304_x4800,2.225,0.1198,0.0082,0.073,0.0004,3077
s1_z5760_y3456_x3072,2.224,0.1289,0.0162,0.0795,0.0079,4714
s1_z8448_y2816_x2816,2.223,0.1443,0.0182,0.087,0.005,6488
s4_z5376_y1024_x2048,2.223,0.106,0.0043,0.0452,0.0015,8177
s1_z192_y1920_x3264,2.221,0.0956,0.0148,0.0539,0.0108,6249
s4_z2560_y1792_x768,2.22,0.1119,0.0069,0.0503,-0.0011,6134
s4_z4608_y1024_x2048,2.219,0.0455,-0.0045,0.026,-0.0028,7331
s1_z11840_y3520_x2240,2.218,0.1127,0.0058,0.0669,0.003,16464
s1_z1728_y2496_x2688,2.218,0.1062,-0.0096,0.0628,-0.0104,2118
s1_z576_y2496_x2880,2.218,0.1054,0.0075,0.0579,-0.0013,4308
s1_z5952_y2688_x4416,2.218,0.1108,0.0076,0.0723,0.0025,3540
s4_z5888_y1024_x1536,2.216,0.1088,0.0051,0.0435,-0.0032,4776
s4_z5632_y1536_x2304,2.215,0.063,-0.0031,0.0362,-0.0024,6930
s4_z7680_y1024_x1024,2.213,0.0913,-0.0059,0.0477,-0.0086,3641
s1_z5568_y2496_x4800,2.212,0.1394,0.0197,0.091,0.0069,2420
s4_z2304_y1024_x2560,2.212,0.0777,0.0053,0.037,0.0003,3860
s1_z5568_y2496_x4416,2.211,0.1013,0.0018,0.0494,-0.0025,4182
s1_z6336_y2880_x4608,2.21,0.1144,-0.0005,0.0632,-0.0048,2392
s1_z1728_y1728_x3840,2.209,0.105,0.0073,0.0587,-0.0023,3518
s1_z11520_y3840_x3520,2.208,0.1035,0.0133,0.0589,0.0022,17430
s1_z1728_y1728_x4224,2.206,0.1187,0.0093,0.0644,-0.002,3951
s1_z5376_y2112_x3648,2.206,0.09,0.0128,0.0536,0.0058,3737
s1_z4992_y2112_x4608,2.205,0.0764,0.0154,0.0517,0.0085,5776
s1_z2112_y1728_x3840,2.204,0.0995,0.0082,0.0603,-0.0003,2747
s4_z1536_y768_x2560,2.203,0.1018,0.0053,0.0469,0.002,3585
s4_z3072_y1280_x2304,2.203,0.0756,-0.0013,0.032,-0.0044,5904
s4_z8192_y1792_x2048,2.203,0.1058,-0.006,0.0441,-0.0121,4387
s1_z4224_y2112_x4800,2.201,0.1259,0.0097,0.0702,0.0009,3660
s1_z6144_y3840_x3456,2.201,0.0862,0.0019,0.0402,-0.0015,4734
s4_z768_y1792_x1536,2.201,0.0593,-0.0017,0.0328,-0.0001,5835
s1_z4416_y2880_x3072,2.2,0.0976,-0.0003,0.0543,-0.0025,3384
s4_z3072_y2048_x1024,2.2,0.0555,-0.005,0.0306,-0.0039,6038
s4_z2048_y1536_x1024,2.199,0.0977,0.0019,0.0415,-0.001,4872
s1_z8704_y3328_x2560,2.198,0.0993,-0.0026,0.0585,-0.0054,6514
s1_z7680_y3584_x2816,2.194,0.1279,0.0166,0.0691,0.0056,9176
s4_z8704_y2560_x1280,2.194,0.0484,0.0,0.0253,0.0005,7832
s1_z2112_y2688_x3648,2.193,0.1415,0.0105,0.0609,0.0009,2719
s1_z4800_y2880_x4416,2.193,0.1097,0.0114,0.0586,-0.0006,3631
s4_z6400_y1280_x1792,2.192,0.0568,-0.002,0.029,-0.0016,7350
s1_z6144_y3264_x4992,2.189,0.0909,0.0094,0.0575,0.0059,2369
s1_z9472_y3072_x2304,2.189,0.1265,0.0076,0.0624,-0.0034,6400
s1_z4608_y2688_x4800,2.185,0.1127,0.0097,0.0812,0.0071,2429
s1_z4608_y2880_x2880,2.185,0.1057,0.0087,0.0665,0.0041,3730
s4_z8192_y2560_x2048,2.184,0.0608,-0.0011,0.0255,-0.0057,8676
s4_z6656_y1536_x2048,2.182,0.1242,-0.0023,0.0582,-0.0018,6452
s1_z5952_y2304_x3456,2.18,0.104,0.0039,0.0568,-0.001,4716
s4_z3072_y768_x2560,2.18,0.0596,0.0036,0.0313,0.0011,7731
s4_z2048_y2304_x1280,2.179,0.0605,0.0021,0.036,-0.0004,5051
s1_z8192_y3840_x3840,2.178,0.1122,0.0163,0.0619,0.0056,9237
s1_z8704_y2816_x2560,2.178,0.1156,-0.0014,0.0699,-0.0039,8352
s4_z5632_y1280_x1536,2.178,0.0612,-0.0012,0.0304,-0.0012,8103
s4_z6400_y1536_x2048,2.178,0.0792,0.0012,0.0402,-0.0027,7138
s4_z3840_y2048_x2304,2.177,0.0996,0.0047,0.0559,-0.0002,5945
s1_z2112_y2304_x2688,2.176,0.1219,0.0037,0.0654,0.0007,3711
s4_z6656_y1280_x1536,2.176,0.1248,0.0078,0.0584,-0.003,5027
s4_z6400_y2304_x2560,2.175,0.0753,0.0025,0.0357,0.0002,7009
s4_z1536_y2048_x1536,2.174,0.0591,-0.0024,0.0327,-0.0014,4255
s4_z7936_y1280_x2048,2.174,0.0854,-0.0016,0.0355,-0.0052,4642
s4_z4864_y1280_x2304,2.17,0.0879,-0.0025,0.041,-0.0041,6933
s1_z7936_y3584_x2816,2.169,0.0973,0.0089,0.0476,0.0009,13650
s4_z3072_y2304_x1792,2.168,0.0792,0.0037,0.0337,0.0003,6171
s4_z4864_y1792_x768,2.166,0.0973,-0.0008,0.0454,-0.0006,6552
s4_z8448_y2304_x2048,2.161,0.0634,-0.0054,0.0243,-0.0039,7172
s4_z9984_y2048_x1024,2.16,0.1221,0.0085,0.0677,0.0018,6364
s4_z6400_y2304_x2304,2.158,0.085,-0.0047,0.0347,-0.0095,4643
s1_z768_y2688_x3072,2.157,0.1079,0.0056,0.0539,-0.0001,2739
s4_z5120_y2560_x1792,2.157,0.0734,-0.0017,0.0415,-0.0023,5288
s4_z6912_y2304_x768,2.157,0.058,-0.0036,0.0248,-0.0034,9638
s1_z6144_y3072_x4800,2.155,0.1125,0.0052,0.0686,0.0025,2004
s1_z11200_y4800_x2880,2.154,0.1248,0.01,0.0753,0.0023,10112
s1_z5568_y2496_x2688,2.154,0.1244,0.0003,0.0883,0.0039,2601
s4_z4096_y2304_x1280,2.154,0.0812,0.0003,0.0398,-0.0027,5352
s4_z7936_y1536_x768,2.153,0.0763,-0.0033,0.0363,-0.0043,9051
s1_z2112_y2304_x4608,2.152,0.1429,0.0105,0.1029,0.0063,1743
s1_z768_y2304_x2880,2.152,0.0934,0.0051,0.0469,0.0008,3728
s4_z1280_y1280_x1024,2.151,0.0464,-0.0043,0.0261,-0.0021,3144
s1_z576_y2112_x2880,2.15,0.0852,0.0119,0.0553,0.009,3824
s1_z6912_y3584_x4352,2.15,0.0942,0.0054,0.0491,-0.0008,8724
s1_z7168_y3840_x3328,2.15,0.1206,0.0161,0.0702,0.0063,13018
s1_z8448_y4096_x3840,2.15,0.1023,0.0066,0.0527,0.0017,12434
s1_z6336_y3840_x3456,2.148,0.0944,0.0106,0.0462,0.0025,4649
s1_z10240_y4160_x2560,2.147,0.1169,0.0095,0.0673,0.0002,22222
s1_z7680_y4096_x3840,2.147,0.1136,0.0053,0.0624,-0.0015,12381
s4_z2560_y2304_x1280,2.147,0.0738,0.0037,0.0335,-0.0004,4851
s4_z4864_y2560_x1792,2.145,0.0856,-0.0037,0.045,-0.0029,5737
s1_z4416_y2688_x2880,2.144,0.1151,-0.0008,0.0547,-0.0047,3484
s4_z2048_y768_x1536,2.143,0.0942,0.0033,0.0328,-0.0006,7951
s4_z2304_y768_x1536,2.143,0.1245,0.0105,0.0606,0.0016,8066
s1_z1920_y1728_x4416,2.142,0.1123,0.0155,0.069,0.0051,4500
s1_z576_y2496_x4800,2.142,0.1015,0.0047,0.0453,-0.0007,3890
s4_z5376_y2304_x1536,2.142,0.0604,-0.0019,0.0255,-0.0016,11517
s4_z5632_y2304_x768,2.142,0.0827,-0.0027,0.0267,-0.0048,4699
s1_z1728_y2688_x3840,2.138,0.1157,0.0085,0.0529,-0.0062,1762
s4_z512_y1024_x1024,2.138,0.091,0.0024,0.0467,-0.0008,4062
s1_z384_y2880_x3648,2.136,0.1294,0.0144,0.0727,0.0013,4916
s4_z5120_y2048_x768,2.135,0.0729,-0.0035,0.0427,-0.0008,6073
s1_z8192_y3072_x2816,2.134,0.0979,-0.0018,0.0478,-0.0045,8126
s4_z3072_y1536_x768,2.132,0.0591,0.0025,0.0335,-0.0021,4807
s1_z9472_y3840_x3840,2.13,0.0855,0.0024,0.05,-0.0006,10215
s1_z9472_y4096_x3584,2.129,0.1195,0.0124,0.0704,0.0022,8680
s4_z768_y1024_x1024,2.129,0.0558,-0.0033,0.0305,-0.0026,5119
s4_z2816_y1536_x2048,2.128,0.0672,-0.0004,0.0282,-0.0024,6545
s1_z6336_y2688_x3456,2.127,0.106,0.008,0.0497,-0.0023,3669
s1_z7424_y2816_x3584,2.127,0.0852,0.0018,0.0416,-0.0028,10260
s4_z8192_y2048_x512,2.127,0.1172,0.0043,0.0496,-0.0005,5447
s1_z4224_y2496_x2496,2.126,0.1095,0.0115,0.0733,0.0064,4180
s1_z8192_y2560_x3072,2.123,0.1296,0.0161,0.073,0.0068,10487
s4_z1024_y512_x1280,2.121,0.045,-0.0019,0.0273,-0.0025,5659
s4_z7424_y1280_x768,2.12,0.082,-0.0053,0.0519,-0.0022,5940
s4_z2304_y2048_x1792,2.119,0.1032,0.0067,0.0481,-0.001,4674
s1_z8704_y3840_x3072,2.116,0.1087,0.0124,0.0567,0.0019,7146
s4_z5120_y1280_x2304,2.115,0.0895,0.0005,0.0314,-0.002,10443
s4_z6656_y2560_x2304,2.115,0.0765,-0.0021,0.0372,-0.0077,7775
s4_z5632_y1792_x2560,2.112,0.0694,0.0038,0.0327,-0.0008,7034
s1_z576_y1728_x4032,2.111,0.1094,0.0148,0.0744,0.0065,3134
s1_z8704_y3584_x2816,2.11,0.1206,0.0104,0.0672,0.0011,8385
s4_z8448_y1536_x512,2.109,0.0855,-0.0054,0.0525,-0.0038,3762
s4_z2304_y512_x1792,2.106,0.0728,0.004,0.0412,0.0032,6623
s1_z5952_y2304_x4032,2.105,0.0851,0.0028,0.0477,-0.0007,5458
s1_z5760_y2304_x3264,2.104,0.1258,0.0128,0.07,0.0002,4817
s1_z5952_y2688_x4608,2.104,0.123,0.0095,0.0704,0.002,3430
s1_z2112_y1920_x4608,2.102,0.1132,0.0059,0.0565,0.0008,4387
s1_z2304_y2496_x4416,2.102,0.1042,0.0116,0.059,-0.0013,4837
s1_z4992_y2112_x3072,2.101,0.103,0.0112,0.0611,0.0008,7210
s1_z11520_y4480_x2560,2.1,0.106,0.0135,0.0633,0.0063,20138
s1_z4416_y2880_x2880,2.098,0.0935,0.0109,0.0532,0.0028,2971
s4_z5120_y1280_x1024,2.098,0.0736,-0.0028,0.0361,-0.0041,7372
s1_z10240_y3520_x3840,2.097,0.1414,0.0199,0.0747,0.006,13200
s4_z3328_y2048_x1280,2.097,0.0881,0.0016,0.0454,-0.0029,5178
s4_z3840_y2048_x1024,2.097,0.0939,-0.0015,0.0402,-0.008,6907
s4_z4608_y1024_x1280,2.097,0.0754,-0.0013,0.0342,-0.0017,11332
s4_z4096_y1280_x2304,2.096,0.0631,-0.0021,0.0324,-0.0029,4749
s4_z2048_y512_x1536,2.095,0.0566,0.0021,0.0326,0.0002,9658
s4_z2048_y2048_x2048,2.094,0.0572,0.0031,0.0281,-0.0002,8800
s1_z5952_y3456_x4224,2.093,0.1153,0.0126,0.0675,0.0033,4449
s4_z7936_y2048_x2048,2.092,0.0631,0.0002,0.0357,-0.0022,5378
s1_z6912_y3840_x4096,2.09,0.1146,0.0086,0.0661,0.0045,12226
s1_z12480_y3840_x2240,2.089,0.0983,-0.0021,0.0575,-0.0044,13255
s1_z1152_y2112_x4800,2.087,0.0942,0.0077,0.0511,0.0036,2916
s4_z3328_y1024_x1024,2.084,0.065,-0.0053,0.0355,-0.0048,6433
s1_z1728_y2112_x4800,2.083,0.1347,0.0037,0.0824,-0.0044,2437
s4_z4608_y2048_x2304,2.083,0.0838,0.0044,0.0353,-0.0044,8009
s1_z1152_y1728_x4224,2.082,0.1214,0.0176,0.0704,0.0063,4470
s4_z3072_y1536_x1024,2.082,0.0653,-0.0019,0.0364,-0.0038,6908
s1_z1920_y2688_x4032,2.081,0.105,0.0048,0.0605,-0.0022,1816
s1_z4224_y2304_x2496,2.081,0.1113,0.0093,0.0716,0.002,3573
s4_z5632_y2048_x1024,2.081,0.0838,-0.0006,0.0446,-0.0023,7635
s4_z6656_y2048_x768,2.081,0.0485,-0.0101,0.0201,-0.0069,8587
s4_z4352_y2304_x1792,2.079,0.0968,-0.0058,0.0435,-0.0044,6426
s4_z7936_y2304_x2048,2.078,0.0999,-0.0061,0.0556,-0.0037,4558
s1_z2304_y2112_x3072,2.077,0.0907,0.006,0.0504,-0.0002,6019
s1_z4224_y2304_x4608,2.077,0.1085,0.0119,0.0526,0.0045,4576
s1_z5952_y2880_x4992,2.077,0.1612,0.0179,0.0877,0.003,2867
s4_z4352_y1280_x1024,2.075,0.0811,-0.0042,0.0465,-0.0043,6839
s4_z2048_y1536_x2560,2.073,0.0652,-0.0004,0.0346,-0.0032,6095
s4_z8448_y1280_x1536,2.072,0.0875,0.0048,0.0402,0.0011,11297
s5_z9180_y3610_x3610,2.072,0.1539,0.0135,0.0826,0.0008,1970
s4_z5120_y1536_x768,2.071,0.0452,-0.0014,0.0247,-0.0023,4656
s1_z3264_y2496_x2880,2.07,0.0864,0.004,0.0456,-0.0051,4644
s4_z6144_y1536_x1280,2.069,0.1117,-0.0074,0.0507,-0.0049,5142
s1_z4992_y2304_x4608,2.068,0.1238,0.0027,0.0722,-0.0016,4420
s4_z3840_y2048_x1280,2.068,0.0999,0.0029,0.0603,-0.0023,5421
s1_z10240_y3840_x2560,2.067,0.1045,0.0093,0.0539,-0.0022,20017
s4_z5376_y2560_x1280,2.067,0.0683,-0.0085,0.0307,-0.007,4689
s1_z7680_y3840_x3328,2.066,0.1067,0.0112,0.0654,0.0024,9048
s1_z9600_y3520_x3840,2.065,0.1047,0.0088,0.0505,0.0022,16841
s4_z3584_y2048_x2048,2.064,0.0643,-0.0044,0.0338,-0.0025,5940
s4_z2048_y1280_x2304,2.063,0.0623,0.0013,0.0358,-0.0023,3957
s4_z9472_y2304_x1024,2.061,0.076,0.0048,0.0416,0.0,8866
s1_z192_y2880_x4416,2.06,0.1341,0.0194,0.0626,0.002,3350
s1_z2112_y2496_x4224,2.06,0.1105,0.0087,0.06,0.0045,3020
s4_z5632_y1280_x1024,2.06,0.0564,-0.0018,0.0264,-0.0039,7217
s4_z1792_y512_x2048,2.058,0.0674,0.0063,0.0451,0.0024,5958
s1_z4224_y2688_x2688,2.057,0.1222,0.0035,0.066,-0.0009,3128
s1_z4800_y2688_x4416,2.057,0.1293,0.0021,0.0677,-0.0076,3283
s1_z5952_y3264_x4608,2.055,0.1004,0.0061,0.0617,0.0048,2375
s4_z4096_y2048_x2048,2.053,0.0666,-0.0041,0.0298,-0.005,8353
s1_z5952_y3072_x4608,2.05,0.1028,0.0054,0.0578,-0.0084,3404
s1_z5952_y3648_x4416,2.049,0.136,0.0142,0.0749,0.0013,4378
s4_z7424_y1536_x512,2.047,0.0829,-0.0003,0.0379,-0.0015,7923
s4_z2816_y2048_x1536,2.043,0.0978,0.0051,0.043,-0.0015,7636
s4_z5632_y1280_x2048,2.043,0.0565,0.0013,0.0309,0.0012,13025
s4_z5888_y1536_x512,2.042,0.048,-0.0044,0.0278,-0.0048,5003
s4_z1792_y1792_x2304,2.041,0.0926,0.0078,0.0449,0.0001,5205
s1_z5760_y3264_x4800,2.04,0.1062,-0.0001,0.0582,-0.0046,2624
s1_z6528_y3840_x4032,2.035,0.1194,0.0099,0.0496,-0.0026,6022
s4_z2048_y1792_x2048,2.035,0.0539,-0.0033,0.0289,-0.0036,5318
s4_z2304_y768_x2560,2.035,0.1109,0.0094,0.0491,-0.0004,5348
s1_z2496_y2688_x3648,2.033,0.1042,0.0132,0.0548,0.0029,2218
s4_z5888_y1792_x2560,2.033,0.102,0.0011,0.0433,-0.0018,4959
s1_z2688_y2688_x3648,2.031,0.0956,0.0132,0.0495,0.005,3036
s4_z2816_y768_x2560,2.031,0.0557,0.005,0.0348,0.0021,5872
s1_z4608_y2688_x2880,2.03,0.0807,-0.0007,0.0602,-0.0001,3544
s1_z8960_y2816_x2560,2.029,0.0957,0.0,0.0471,-0.0015,12570
s1_z2112_y2688_x4224,2.024,0.107,0.0016,0.0621,-0.0031,1815
s4_z8448_y1792_x512,2.024,0.0755,-0.0095,0.0352,-0.0036,6083
s1_z5952_y2496_x4224,2.023,0.1097,-0.0008,0.0554,-0.0017,4606
s1_z6720_y3456_x3072,2.023,0.0655,0.0063,0.0311,0.0002,6811
s4_z6400_y1536_x512,2.023,0.0477,-0.0038,0.0298,-0.0039,5096
s4_z8704_y1536_x512,2.022,0.0892,-0.0025,0.0453,-0.0034,5577
s4_z2560_y512_x1792,2.021,0.0411,0.0013,0.0203,0.0003,7421
s1_z2496_y2688_x3840,2.019,0.1278,0.0162,0.0651,0.0023,2064
s4_z4096_y2560_x1536,2.016,0.0925,-0.0051,0.0439,-0.0029,6046
s4_z4352_y768_x1792,2.016,0.0768,0.0031,0.0436,0.0011,9713
s4_z1536_y2048_x2048,2.015,0.1029,0.0033,0.0367,-0.0049,7474
s4_z3072_y2304_x1536,2.012,0.0771,0.001,0.0344,-0.0026,4354
s1_z576_y2880_x4224,2.01,0.0921,0.0024,0.0407,-0.0059,3713
s4_z1536_y1792_x2304,2.009,0.0577,0.0014,0.0362,0.0003,5327
s4_z6656_y1792_x512,2.009,0.0812,-0.0048,0.0318,-0.0053,3743
s4_z7424_y2304_x512,2.009,0.0694,0.0023,0.0331,-0.0014,7702
s1_z5760_y2688_x4224,2.007,0.1195,0.008,0.065,-0.0046,3334
s1_z6720_y2880_x2688,2.007,0.0912,-0.0036,0.0459,-0.0055,2190
s1_z5952_y2304_x4416,2.006,0.119,0.0211,0.0895,0.0084,3631
s1_z1344_y2496_x2688,2.005,0.1151,-0.0072,0.0648,-0.0048,3039
s1_z576_y2688_x4416,2.004,0.0812,-0.0036,0.0335,-0.006,4247
s1_z6720_y3648_x4224,2.004,0.1114,0.0124,0.057,0.0033,4144
s4_z3584_y2048_x2304,2.003,0.0519,0.0011,0.029,-0.0,9227
s4_z1792_y2304_x1536,2.002,0.0854,0.006,0.0363,0.0018,4963
s1_z9920_y3520_x3840,2.0,0.0996,0.0125,0.0467,0.0019,15729
s4_z4096_y2048_x2304,1.999,0.0632,-0.0012,0.0361,-0.0023,5510
s4_z8448_y2048_x512,1.998,0.0726,0.0007,0.0347,-0.0031,8961
s1_z960_y1920_x3456,1.997,0.0926,0.0046,0.0553,0.0024,5742
s4_z4352_y2304_x2304,1.997,0.0794,0.0006,0.0459,-0.002,6982
s4_z6656_y2048_x512,1.997,0.0851,-0.0053,0.036,-0.0066,6322
s1_z5760_y3072_x2688,1.996,0.0798,0.0102,0.0402,0.0019,3508
s1_z5376_y3072_x4416,1.995,0.0987,0.0058,0.0489,-0.0001,4338
s4_z3328_y2048_x1792,1.99,0.0566,-0.0005,0.0305,-0.0014,4998
s4_z7936_y2304_x768,1.99,0.0682,-0.0034,0.0246,-0.0057,10733
s1_z3456_y2496_x2496,1.989,0.1136,0.0072,0.0722,0.0032,3357
s1_z6144_y3648_x3840,1.989,0.0918,0.004,0.0475,-0.0019,4322
s1_z9216_y2560_x3328,1.989,0.0909,0.0051,0.0498,-0.0015,11520
s4_z5632_y2304_x1024,1.989,0.0823,0.0029,0.0413,-0.0012,4652
s1_z960_y1728_x3840,1.987,0.1055,0.0173,0.0671,0.011,4108
s4_z1024_y2048_x1536,1.985,0.0433,0.0009,0.0229,-0.0015,4195
s1_z9600_y2560_x3520,1.984,0.0999,0.0073,0.0483,0.0,21981
s4_z1792_y2048_x1280,1.982,0.0622,0.0031,0.0352,0.0022,5941
s4_z1024_y1792_x1280,1.981,0.0991,0.0085,0.0491,0.001,5711
s4_z8192_y1536_x768,1.98,0.0845,-0.0037,0.0474,-0.0057,9752
s1_z5952_y2496_x2880,1.978,0.0849,0.0052,0.0511,-0.0029,5366
s4_z3840_y1280_x2560,1.978,0.0614,-0.0044,0.0396,-0.0045,3917
s4_z4608_y1024_x1024,1.978,0.0447,0.0021,0.0182,-0.0025,8072
s1_z6720_y3840_x4224,1.977,0.1152,0.0109,0.0658,-0.0009,3928
s4_z1792_y2048_x1024,1.974,0.0818,0.0023,0.0472,0.0001,6027
s4_z8960_y1792_x512,1.974,0.0837,-0.0009,0.0325,-0.0018,7487
s1_z1536_y1728_x4416,1.973,0.103,0.0104,0.0607,0.0023,4907
s4_z5120_y1024_x1792,1.973,0.086,0.0041,0.0466,0.0008,7920
s4_z5888_y2560_x1536,1.973,0.0588,0.002,0.03,-0.0015,8115
s4_z7680_y2560_x2304,1.969,0.0775,0.0019,0.039,-0.0014,9160
s1_z8704_y3840_x2816,1.968,0.0987,0.0068,0.0582,-0.0012,11365
s4_z2816_y1792_x1024,1.963,0.041,-0.0032,0.0205,-0.002,7875
s4_z3584_y1792_x2560,1.963,0.0792,0.005,0.0384,-0.0019,7902
s4_z7680_y1792_x1792,1.963,0.0833,-0.0028,0.0475,-0.0043,5263
s1_z4032_y2496_x2688,1.962,0.1106,0.0098,0.0738,0.0038,2626
s4_z3072_y1280_x1024,1.962,0.0612,-0.0029,0.0337,-0.0035,8453
s1_z4416_y2688_x3072,1.959,0.08,0.005,0.0489,-0.0006,5426
s1_z8192_y3584_x4352,1.959,0.103,0.0101,0.0585,0.0022,11096
s1_z1728_y2688_x3456,1.958,0.0722,-0.0068,0.0285,-0.0086,1785
s1_z5376_y2496_x2880,1.957,0.118,0.0136,0.0602,0.0066,5462
s1_z768_y2304_x3072,1.955,0.0763,0.0077,0.0308,0.0015,5754
s4_z1024_y2048_x2048,1.954,0.0432,-0.003,0.0252,-0.0023,5330
s4_z2816_y1792_x2304,1.949,0.0675,0.0019,0.0379,-0.0,7677
s4_z3072_y1792_x2048,1.949,0.077,0.0025,0.0367,-0.0031,8658
s1_z7936_y2560_x3072,1.943,0.0981,0.0126,0.0565,0.0047,12342
s1_z6912_y3584_x4864,1.94,0.0735,-0.003,0.0466,-0.0048,5971
s1_z6336_y3840_x3264,1.938,0.0669,0.0029,0.032,-0.0008,5441
s1_z4608_y2112_x2304,1.937,0.1024,0.0037,0.0716,0.0016,2255
s4_z2304_y1536_x1024,1.936,0.1087,0.0024,0.0504,-0.0009,4790
s4_z3072_y2304_x1024,1.934,0.0731,0.0021,0.0364,-0.0029,7210
s1_z3456_y2688_x3456,1.933,0.1003,0.0026,0.0597,-0.0003,2345
s1_z4992_y2112_x2880,1.933,0.074,0.0022,0.0454,0.0001,8383
s1_z8960_y3584_x2816,1.931,0.1036,0.0091,0.0668,0.0006,11280
s1_z1920_y2688_x4416,1.929,0.0987,0.004,0.0528,-0.0098,1737
s1_z2688_y1728_x4224,1.929,0.0677,-0.0005,0.0347,-0.0018,4588
s1_z768_y2496_x3072,1.929,0.0646,-0.007,0.0369,-0.0052,4374
s1_z2112_y2688_x3840,1.928,0.1114,-0.0027,0.0621,-0.0029,1851
s1_z5760_y3648_x3840,1.928,0.0685,0.0001,0.0396,-0.0001,2908
s4_z1536_y2048_x1792,1.928,0.103,0.0021,0.0376,-0.0032,4398
s1_z9472_y3328_x2560,1.925,0.1043,0.0135,0.0652,0.0059,8185
s4_z7936_y2560_x1024,1.925,0.0786,-0.0033,0.0367,-0.0059,9281
s4_z4608_y2304_x2048,1.924,0.0621,0.0041,0.0335,-0.0004,6181
s1_z1920_y2688_x3264,1.922,0.0737,-0.0026,0.0378,-0.0024,3058
s1_z1920_y2688_x4224,1.921,0.1104,0.0051,0.0573,-0.0063,2139
s1_z3456_y2496_x3648,1.921,0.1202,0.0226,0.0491,0.0036,5011
s4_z10240_y1024_x2048,1.92,0.0805,0.0034,0.0417,0.0016,7715
s1_z4608_y2112_x4608,1.918,0.0695,0.003,0.0431,0.0038,6355
s4_z1536_y1536_x2304,1.918,0.0923,0.0105,0.045,-0.0006,5166
s1_z6912_y3584_x3072,1.917,0.0902,0.0091,0.0412,-0.0013,9747
s4_z2048_y512_x2304,1.917,0.0724,0.006,0.0376,0.0,7960
s1_z9472_y4096_x3840,1.913,0.1026,0.0018,0.0489,-0.0004,8632
s1_z1152_y1728_x4416,1.912,0.1147,0.0075,0.064,0.0014,4217
s1_z192_y2688_x3264,1.909,0.0832,0.0024,0.0421,-0.0022,6469
s1_z10560_y2880_x3520,1.908,0.1047,0.0124,0.0578,0.0042,23344
s4_z4096_y1792_x2304,1.908,0.1237,0.0061,0.0523,-0.0054,4323
s1_z1152_y2112_x3072,1.907,0.124,0.0176,0.0776,0.007,4719
s1_z1728_y2688_x4416,1.907,0.1174,0.006,0.0514,-0.002,2272
s4_z5888_y2304_x1280,1.906,0.0532,-0.0085,0.0224,-0.0042,9956
s1_z6144_y2496_x3456,1.903,0.1169,0.0213,0.0763,0.0134,4534
s4_z2816_y768_x1536,1.903,0.075,0.0052,0.041,0.0023,8460
s1_z2304_y2688_x3840,1.901,0.061,-0.0028,0.0357,-0.0035,1317
s4_z2048_y1280_x2560,1.901,0.0501,-0.0014,0.0259,-0.0033,5361
s1_z3456_y2304_x4224,1.9,0.0917,0.01,0.051,-0.0004,5375
s4_z2816_y512_x2048,1.9,0.0512,0.0015,0.0267,0.0018,4991
s4_z5120_y2560_x1536,1.9,0.0865,-0.0027,0.0335,-0.002,4974
s4_z7936_y1792_x2048,1.899,0.0724,-0.0082,0.033,-0.0069,4995
s1_z6720_y3072_x2688,1.897,0.1019,-0.0005,0.0555,-0.0014,2283
s1_z9920_y3520_x2560,1.897,0.1071,0.0065,0.0555,-0.0006,14858
s4_z4352_y2048_x1024,1.896,0.0657,-0.0002,0.0336,-0.003,6768
s1_z5952_y2496_x4800,1.895,0.1405,0.016,0.0631,-0.0006,3690
s4_z2816_y1024_x2816,1.895,0.0875,0.0009,0.0476,0.0018,5329
s1_z768_y2112_x2880,1.894,0.0952,0.0083,0.0652,0.005,3905
s1_z576_y1728_x4224,1.892,0.0651,0.0084,0.0365,0.0035,3143
s4_z2048_y512_x1792,1.892,0.099,0.0109,0.044,0.0036,7239
s1_z576_y2688_x3072,1.89,0.1081,0.002,0.0489,-0.003,3270
s1_z960_y2112_x2688,1.89,0.1291,0.0172,0.0916,0.0092,2757
s1_z5952_y3648_x4224,1.881,0.0805,0.002,0.0477,-0.0033,2953
s1_z6144_y3840_x3264,1.88,0.0756,0.0023,0.0404,-0.0013,3934
s4_z9216_y2304_x1024,1.877,0.0716,0.0021,0.0371,-0.0018,10043
s1_z5760_y3648_x3648,1.876,0.0673,0.0058,0.0382,0.0037,4395
s1_z6720_y3456_x2688,1.876,0.1222,0.013,0.0622,0.0027,4173
s4_z768_y1280_x1024,1.875,0.058,-0.001,0.0326,-0.0006,4118
s1_z6144_y3840_x4416,1.874,0.1194,0.0157,0.0677,0.0051,4801
s4_z2304_y1536_x2304,1.871,0.0866,0.0082,0.0466,0.0028,5048
s4_z3328_y768_x1536,1.871,0.0381,-0.0018,0.0195,-0.0017,10445
s1_z1728_y1728_x3648,1.868,0.0767,0.0108,0.0464,0.0056,6137
s1_z384_y2112_x2880,1.868,0.1,0.0132,0.0587,0.0049,3680
s1_z8960_y3328_x2560,1.867,0.0927,0.0032,0.0518,0.0002,9947
s1_z960_y2880_x3456,1.867,0.0954,0.0046,0.0507,-0.0028,4162
s1_z5568_y2880_x3072,1.865,0.1179,0.0073,0.064,-0.0032,3510
s4_z512_y1792_x1792,1.864,0.0505,0.001,0.0217,-0.0023,5402
s1_z8704_y3072_x4352,1.862,0.1017,0.0162,0.077,0.0125,8700
s4_z1792_y2048_x1792,1.861,0.0545,-0.0021,0.0251,-0.0032,5805
s4_z4864_y1792_x1024,1.861,0.0368,-0.0125,0.0219,-0.006,5086
s1_z8704_y3072_x2560,1.86,0.0943,-0.0023,0.0466,-0.0039,6530
s1_z4224_y2688_x2880,1.859,0.1302,0.0109,0.0608,-0.0046,3550
s4_z6144_y2304_x2304,1.857,0.0303,-0.0099,0.0173,-0.0053,8945
s1_z11200_y3200_x3520,1.854,0.0868,0.0107,0.046,0.0031,24072
s1_z4992_y2688_x4800,1.854,0.0554,-0.0086,0.0353,-0.0031,2314
s1_z6528_y3648_x4608,1.854,0.1082,0.0119,0.0664,0.0024,4273
s1_z6144_y3264_x4416,1.853,0.1241,0.0193,0.0788,0.006,2157
s1_z7680_y2816_x3840,1.849,0.0906,0.0062,0.0482,0.0016,11382
s1_z4224_y2496_x4224,1.846,0.0623,-0.0009,0.0297,-0.002,3105
s1_z8704_y4096_x2816,1.844,0.0897,0.0076,0.056,0.0031,9109
s4_z2304_y1792_x2304,1.843,0.0429,-0.0051,0.0239,-0.0034,5301
s4_z768_y2048_x1536,1.842,0.0454,-0.0027,0.0246,-0.0042,5626
s1_z2112_y2496_x3072,1.84,0.0551,0.0018,0.0389,-0.0023,4129
s4_z7680_y1792_x512,1.839,0.0767,0.0015,0.0296,-0.0026,8110
s4_z3328_y2048_x2048,1.838,0.0791,0.0018,0.0389,-0.0017,7009
s1_z576_y2880_x4416,1.837,0.0664,-0.0064,0.0377,-0.0064,3434
s4_z512_y1792_x1536,1.837,0.0489,0.0016,0.0287,-0.0009,7419
s1_z768_y2112_x2688,1.836,0.0959,0.016,0.0719,0.008,3162
s1_z7424_y3840_x3328,1.833,0.0866,0.005,0.0438,0.0007,12824
s1_z4992_y2880_x3648,1.831,0.0871,0.0034,0.0406,-0.0034,5229
s4_z4608_y1536_x1024,1.831,0.0813,-0.015,0.0372,-0.009,3073
s4_z8192_y2560_x1792,1.831,0.086,-0.0014,0.0321,-0.0063,6317
s4_z4352_y1024_x1536,1.83,0.0741,0.0011,0.0337,-0.0016,12248
s4_z8704_y1792_x512,1.829,0.0645,-0.0036,0.034,-0.0009,5520
s1_z6720_y4032_x4032,1.827,0.0841,0.0042,0.0329,-0.0008,3283
s4_z8960_y2560_x1792,1.827,0.0631,-0.0031,0.0267,-0.0043,6230
s1_z1536_y2688_x4032,1.826,0.0683,-0.0002,0.0406,-0.0007,2170
s1_z6144_y3456_x4608,1.826,0.0704,0.0002,0.0386,-0.004,2454
s1_z1536_y2688_x4224,1.824,0.0559,0.0071,0.0245,-0.0019,2400
s1_z4608_y2688_x2688,1.818,0.0577,-0.0051,0.0381,-0.0047,2666
s4_z2560_y1024_x1024,1.818,0.0869,-0.0034,0.056,-0.0017,5436
s4_z4608_y2304_x1536,1.817,0.0531,-0.0034,0.0256,-0.0032,8760
s1_z8960_y2560_x3072,1.815,0.0887,0.0095,0.0492,0.0037,8771
s1_z4800_y2112_x4416,1.814,0.0682,0.0018,0.0412,0.0006,7455
s4_z4864_y2304_x1792,1.814,0.04,-0.0016,0.0225,-0.0013,8142
s4_z6400_y2560_x2304,1.814,0.0633,-0.0041,0.0249,-0.0051,9729
s1_z5952_y3264_x3072,1.813,0.0896,0.0055,0.0508,0.0038,3275
s4_z6144_y2560_x2048,1.813,0.0844,0.0003,0.039,-0.0032,9151
s1_z4224_y2304_x2688,1.811,0.0779,0.0097,0.0615,0.0053,4903
s4_z3840_y1792_x1024,1.807,0.0446,-0.0191,0.0189,-0.0086,3381
s4_z4352_y1792_x1024,1.806,0.0606,-0.0052,0.0382,-0.0034,4815
s1_z1920_y2688_x3456,1.805,0.0874,-0.0013,0.0476,-0.0018,2487
s4_z7680_y1792_x2304,1.804,0.0668,0.0003,0.0281,-0.0026,8321
s1_z1728_y1920_x3264,1.802,0.0669,0.0039,0.0406,0.0018,7590
s4_z5888_y2560_x1280,1.801,0.0618,-0.0017,0.0324,-0.0025,6902
s4_z4352_y2048_x1280,1.8,0.0549,-0.0043,0.0284,-0.0043,8376
s4_z5376_y2560_x1536,1.8,0.0429,0.0,0.0181,-0.0017,6414
s5_z9180_y2280_x3230,1.797,0.0426,-0.0043,0.02,-0.0032,1814
s4_z5120_y2048_x1024,1.795,0.0325,-0.0085,0.0193,-0.0044,7125
s1_z4608_y3072_x3648,1.794,0.0907,0.0048,0.0461,-0.0001,4303
s1_z9920_y3200_x2560,1.792,0.0938,0.0071,0.0489,-0.0011,14616
s4_z4608_y1280_x1024,1.79,0.0804,0.0002,0.0427,-0.0026,8389
s1_z1728_y2688_x3648,1.786,0.0974,0.0065,0.044,-0.0041,1759
s1_z2304_y1920_x4608,1.786,0.0909,0.0092,0.059,0.0066,5550
s4_z1280_y1792_x2304,1.784,0.083,0.0032,0.0344,-0.002,5547
s4_z2048_y768_x1280,1.784,0.0553,0.0006,0.0243,-0.0013,7862
s4_z6400_y1792_x512,1.783,0.0512,-0.0062,0.0241,-0.0027,6330
s1_z768_y2880_x3264,1.781,0.0863,0.0015,0.0561,-0.0003,3453
s4_z4864_y2304_x1280,1.781,0.0503,0.0003,0.0296,-0.0002,12232
s1_z3456_y2496_x2880,1.78,0.1283,0.0141,0.0677,0.0031,3219
s4_z768_y1792_x1280,1.778,0.0413,-0.0002,0.0227,-0.0011,5536
s1_z5760_y3648_x4032,1.775,0.0861,0.0009,0.048,-0.0032,3729
s1_z1920_y1728_x3648,1.774,0.0877,0.0109,0.0417,0.0041,5929
s4_z4352_y2304_x1536,1.774,0.0776,-0.0004,0.0293,-0.0025,9211
s4_z9216_y2304_x1536,1.773,0.0695,-0.0008,0.0325,-0.0039,7503
s1_z4224_y2496_x4416,1.772,0.0841,-0.0001,0.0574,0.0006,2454
s4_z4608_y2304_x1792,1.772,0.0443,-0.0025,0.0205,-0.0031,5599
s4_z2560_y768_x1280,1.77,0.0773,0.0015,0.032,-0.0018,6688
s1_z7936_y3328_x2816,1.768,0.0863,0.01,0.0495,0.0028,17940
s4_z7936_y1280_x1024,1.767,0.0744,-0.0113,0.0371,-0.0081,6375
s4_z5376_y1792_x768,1.765,0.0458,-0.0033,0.019,-0.0047,5677
s4_z7424_y2304_x768,1.764,0.0431,-0.0008,0.0221,-0.0022,11201
s1_z8448_y2560_x2560,1.763,0.0702,0.0014,0.0304,-0.0029,8812
s4_z4352_y2048_x2304,1.761,0.06,-0.0022,0.0294,-0.005,5480
s1_z4800_y2688_x3072,1.759,0.08,0.0026,0.0443,-0.0036,5938
s1_z2304_y2496_x4800,1.756,0.089,0.0097,0.0477,0.0013,3869
s1_z6720_y3072_x4416,1.755,0.0858,0.0072,0.04,-0.0026,6038
s4_z3328_y1280_x2304,1.755,0.0804,0.0027,0.0328,-0.0024,4249
s1_z10880_y3840_x2240,1.753,0.0921,0.0091,0.0516,0.0033,22170
s4_z2304_y1792_x1024,1.753,0.0876,0.0086,0.0315,-0.0012,5343
s1_z384_y3072_x4032,1.752,0.102,0.0203,0.0561,0.006,2522
s4_z5120_y2304_x1536,1.752,0.0783,-0.0048,0.0304,-0.0086,7551
s4_z7424_y2048_x512,1.752,0.0413,-0.0036,0.0188,-0.0037,7988
s1_z5760_y2112_x3456,1.749,0.1092,0.0162,0.0627,0.0039,3650
s5_z9180_y2280_x4560,1.749,0.0827,0.0083,0.0482,0.0015,2422
s4_z2304_y2048_x1024,1.748,0.0545,-0.0003,0.0296,-0.0002,7586
s4_z3840_y2304_x1792,1.748,0.0776,0.0013,0.0419,0.0006,6442
s4_z1024_y768_x1280,1.747,0.0888,0.0038,0.036,0.0001,5608
s4_z8192_y2560_x1024,1.745,0.0629,-0.0059,0.0219,-0.0026,8002
s1_z6144_y3072_x4416,1.74,0.0836,0.0054,0.0522,0.0015,2545
s1_z2112_y2496_x2496,1.734,0.0677,0.0068,0.0535,0.0062,3367
s4_z3840_y2304_x2048,1.734,0.0677,0.0019,0.0336,-0.0003,6644
s4_z4352_y1280_x2304,1.734,0.076,-0.0057,0.0304,-0.007,6553
s1_z1728_y2688_x4224,1.729,0.0815,0.0023,0.0459,-0.0023,2107
s4_z3584_y2304_x1792,1.729,0.0618,0.003,0.0379,-0.0024,3707
s1_z2112_y2112_x3072,1.727,0.0735,0.005,0.0431,-0.0009,8012
s4_z2560_y2048_x1024,1.725,0.0667,-0.0006,0.0292,-0.0011,5996
s1_z8448_y3840_x2816,1.722,0.089,0.0098,0.0431,0.0008,11430
s4_z3584_y1536_x1024,1.721,0.0729,-0.0048,0.039,-0.0061,6081
s4_z6912_y2560_x2304,1.719,0.0622,0.0001,0.0335,-0.0011,11554
s4_z768_y2048_x2048,1.719,0.0602,-0.0023,0.0307,-0.0027,4424
s1_z2496_y1920_x3264,1.717,0.0673,0.0043,0.0379,0.0012,5765
s4_z4096_y1024_x2048,1.714,0.0764,-0.0023,0.0302,-0.0051,7275
s1_z1344_y2688_x4032,1.709,0.0477,0.0027,0.028,0.0043,2684
s4_z5376_y1792_x1024,1.708,0.0742,-0.0014,0.0467,-0.0026,5995
s1_z5952_y2304_x3840,1.706,0.0901,0.0071,0.0435,-0.002,5025
s1_z6336_y3648_x2880,1.703,0.0798,0.0045,0.0472,-0.0021,3421
s1_z6720_y3840_x3072,1.701,0.0962,0.0115,0.0519,0.0068,3615
s1_z3840_y2496_x2688,1.698,0.0953,0.0124,0.0726,0.0061,2322
s1_z5760_y3648_x4224,1.698,0.1116,0.0104,0.0522,-0.0023,4470
s4_z4608_y2304_x1280,1.698,0.0511,-0.0018,0.0229,-0.004,7953
s1_z192_y3072_x3840,1.697,0.1117,0.0129,0.0574,0.0047,3198
s1_z5568_y3456_x4032,1.697,0.0716,0.0016,0.0428,-0.0033,4522
s1_z6144_y3840_x3840,1.693,0.0638,0.0004,0.033,-0.002,3855
s1_z5184_y2112_x3072,1.692,0.0746,0.0126,0.0403,0.006,7908
s4_z4864_y2304_x2304,1.692,0.0551,0.0037,0.034,0.0001,7840
s4_z2816_y768_x1280,1.691,0.0513,0.0016,0.0242,0.0,9173
s1_z5760_y2304_x3456,1.686,0.0865,0.0113,0.0508,0.0031,4362
s1_z5952_y2112_x3840,1.685,0.1022,0.0122,0.0623,0.0028,3123
s1_z1920_y1728_x3840,1.682,0.0768,0.0102,0.0466,0.0041,3022
s1_z768_y1728_x4032,1.682,0.0886,0.0093,0.0617,0.0035,3126
s4_z2048_y2048_x1536,1.682,0.0726,0.0064,0.0327,-0.0011,4860
s1_z5952_y3648_x4032,1.681,0.0543,-0.0069,0.0273,-0.0059,3765
s1_z6336_y3840_x3072,1.68,0.0837,0.0116,0.0464,0.0004,6017
s1_z5376_y3456_x4224,1.678,0.087,0.0006,0.0402,-0.0064,3331
s1_z5760_y3648_x4416,1.676,0.0675,0.0079,0.0368,0.0006,4512
s5_z6190_y3040_x3420,1.674,0.0725,-0.0012,0.0406,-0.0039,1845
s1_z2496_y2496_x3264,1.672,0.0663,0.0064,0.0295,0.0016,4646
s4_z4608_y1280_x2304,1.672,0.0455,-0.0042,0.0147,-0.0047,6830
s4_z4352_y2304_x1280,1.67,0.0813,0.0015,0.0361,-0.0004,7283
s4_z6912_y2560_x1024,1.666,0.0325,0.0005,0.0128,-0.0019,12722
s1_z5376_y3456_x4032,1.665,0.0893,0.0083,0.0548,0.0007,2831
s4_z5888_y2048_x1024,1.665,0.0839,-0.0017,0.0387,-0.0019,8054
s1_z1728_y2688_x4032,1.664,0.081,-0.0017,0.0349,-0.0025,1663
s1_z5952_y2496_x4032,1.664,0.0864,0.0096,0.0489,0.0028,5034
s1_z2112_y2496_x2688,1.663,0.1089,0.0114,0.0747,0.0049,2916
s1_z4992_y2496_x2688,1.659,0.0826,0.0079,0.0382,0.0016,5266
s1_z5760_y3456_x4416,1.656,0.1354,0.0183,0.0719,0.004,3488
s1_z8448_y3328_x2816,1.652,0.088,0.0105,0.0407,-0.0004,11567
s5_z8800_y4560_x5320,1.651,0.1056,0.0091,0.0746,-0.0001,1840
s1_z384_y1920_x3456,1.648,0.076,-0.0011,0.0505,-0.0046,5750
s1_z5952_y3840_x3840,1.648,0.0769,0.0067,0.0458,0.0003,3275
s1_z5568_y3648_x4416,1.647,0.0963,0.0034,0.0494,-0.0002,2508
s1_z4416_y2688_x4608,1.644,0.1008,0.0068,0.0488,0.0029,2789
s4_z8448_y2560_x1536,1.644,0.0259,-0.0067,0.0092,-0.0016,8389
s1_z4224_y2496_x3648,1.643,0.0308,-0.0027,0.028,-0.0024,7380
s4_z1536_y1792_x2048,1.643,0.0475,-0.0001,0.0257,0.0003,6641
s1_z5184_y3072_x4608,1.641,0.0902,0.0061,0.0499,-0.0005,4337
s1_z7168_y4096_x3328,1.64,0.0625,-0.0054,0.0424,-0.0042,9175
s1_z3264_y2688_x3072,1.636,0.0891,0.0005,0.0459,-0.0026,3041
s1_z8192_y2560_x2560,1.633,0.0625,0.0054,0.0324,0.0009,9437
s4_z6400_y2560_x1024,1.632,0.0475,-0.0044,0.0183,-0.0034,10739
s1_z1152_y2688_x4416,1.629,0.0884,0.0138,0.0631,0.0059,2618
s4_z2304_y512_x2304,1.628,0.0764,0.0053,0.0359,0.0026,7821
s1_z6144_y2880_x4800,1.626,0.0516,-0.001,0.0356,0.0012,1931
s1_z5568_y2304_x4032,1.622,0.0849,0.0054,0.0396,0.0033,5642
s1_z576_y3072_x4224,1.621,0.0917,0.01,0.0592,0.0042,4008
s4_z4608_y1792_x1024,1.621,0.0572,-0.0058,0.0276,-0.0058,4655
s1_z5376_y3456_x3840,1.62,0.0614,0.0058,0.0407,0.0032,3317
s4_z6912_y2816_x1536,1.617,0.0306,-0.0046,0.014,-0.0014,7980
s4_z7680_y2560_x1024,1.613,0.023,-0.0043,0.0127,-0.0018,10657
s1_z192_y1920_x3456,1.607,0.0923,0.0229,0.0605,0.016,5509
s4_z8448_y2560_x1280,1.603,0.0301,-0.0019,0.013,-0.0017,10330
s1_z5952_y3648_x3840,1.602,0.0494,0.0018,0.0273,0.0014,4822
s1_z6144_y2496_x4416,1.597,0.0776,0.0082,0.0455,0.0026,4968
s4_z1792_y1792_x2048,1.595,0.0457,-0.0016,0.02,-0.0034,6285
s1_z12480_y4480_x2240,1.59,0.0882,0.0044,0.0553,0.0005,19362
s1_z4224_y2496_x3840,1.59,0.055,-0.003,0.0253,-0.0028,6411
s1_z4224_y2496_x4032,1.587,0.0349,-0.0015,0.0313,-0.0,3847
s4_z8960_y2560_x1536,1.584,0.0254,-0.0073,0.0128,-0.0037,3651
s1_z6144_y3648_x4608,1.581,0.1182,0.0221,0.0668,0.0087,3390
s1_z3456_y2688_x2880,1.577,0.0858,0.0045,0.0499,-0.0004,2075
s1_z6144_y3840_x4224,1.577,0.0718,0.0002,0.0417,-0.001,3250
s1_z6720_y3840_x4032,1.577,0.0799,0.0155,0.0378,0.0037,6076
s1_z1536_y2688_x3072,1.576,0.0914,0.0038,0.0545,-0.0044,2633
s4_z6912_y2816_x1792,1.576,0.0328,-0.0037,0.0125,-0.001,8530
s1_z6336_y3840_x4416,1.573,0.0687,0.0047,0.038,0.0003,3985
s1_z2688_y1920_x3264,1.565,0.0687,0.0045,0.0333,0.0031,5639
s1_z4416_y2880_x3840,1.56,0.0578,0.0066,0.027,0.0007,5893
s1_z5568_y2496_x4224,1.556,0.0459,-0.0006,0.0331,-0.0021,3506
s1_z3648_y2304_x4224,1.555,0.0634,0.0003,0.0339,-0.0003,4949
s1_z5952_y3072_x3072,1.553,0.1021,0.0066,0.0629,-0.0012,2627
s1_z1920_y2496_x3072,1.552,0.1308,0.0139,0.0719,0.003,3283
s1_z5952_y2496_x3456,1.552,0.0953,0.0117,0.0565,0.0076,5496
s4_z7680_y2048_x512,1.552,0.0222,-0.0035,0.0118,-0.0024,10611
s1_z3264_y2496_x2688,1.551,0.0872,-0.0005,0.0437,-0.004,4823
s1_z3264_y1920_x4800,1.546,0.047,0.0053,0.0323,0.0027,6260
s1_z2304_y2496_x4032,1.54,0.0827,0.0063,0.0385,-0.0026,2639
s4_z2048_y2304_x1536,1.54,0.0575,-0.001,0.0247,-0.0033,5228
s1_z1152_y1920_x4416,1.537,0.0471,-0.0043,0.0338,-0.0039,5290
s1_z3264_y2688_x3264,1.537,0.088,0.0042,0.0449,-0.0004,2776
s4_z8960_y2304_x768,1.533,0.0136,-0.007,0.0062,-0.0033,11688
s4_z2304_y2304_x1536,1.531,0.0614,-0.001,0.0288,-0.0014,5964
s4_z5376_y2560_x1792,1.527,0.0614,-0.0002,0.0307,-0.0024,7653
s4_z5632_y2560_x1792,1.526,0.0349,-0.0023,0.0184,-0.0009,8002
s4_z8448_y2560_x1792,1.521,0.076,0.0054,0.0283,-0.0001,7763
s4_z6656_y2560_x1024,1.517,0.068,0.0022,0.023,-0.0021,11628
s4_z5376_y2560_x2048,1.514,0.0565,-0.0019,0.0284,-0.0021,5073
s1_z2304_y1728_x3648,1.513,0.0563,0.0037,0.0313,0.0019,7695
s1_z576_y1920_x3456,1.511,0.067,0.0042,0.0471,0.0035,7911
s4_z8448_y2560_x1024,1.506,0.0559,0.0008,0.0243,-0.0005,6874
s1_z2112_y1728_x4224,1.504,0.0789,0.0069,0.0404,-0.0011,5033
s1_z5568_y3456_x4416,1.504,0.0692,0.0043,0.0328,-0.0002,4611
s1_z4992_y2688_x3072,1.5,0.0717,0.0038,0.0389,-0.0,5760
s4_z4864_y2304_x1536,1.495,0.084,0.0029,0.0364,-0.003,9036
s1_z4608_y2496_x4608,1.493,0.0925,0.012,0.0493,-0.0005,5175
s4_z2048_y512_x2048,1.477,0.0663,0.0055,0.0296,0.0005,7390
s1_z5760_y2880_x2880,1.475,0.066,-0.0006,0.0433,-0.0017,4331
s1_z5952_y2112_x3456,1.468,0.1019,0.0179,0.0549,0.0055,3910
s5_z5500_y3990_x5890,1.465,0.0524,0.0018,0.0242,0.0004,3446
s1_z5184_y3456_x4416,1.456,0.0786,0.011,0.0515,0.0049,5450
s4_z6144_y2560_x1536,1.453,0.0368,-0.0067,0.0194,-0.0039,9139
s4_z1024_y1792_x2560,1.45,0.0461,0.004,0.0226,0.0009,6472
s1_z2304_y2688_x3648,1.446,0.0997,0.0112,0.0567,0.0061,2545
s4_z2560_y2304_x1536,1.444,0.0572,0.0031,0.032,0.0012,4555
s1_z2112_y2496_x3264,1.436,0.0724,0.0057,0.0409,0.0013,3854
s1_z6528_y3840_x3840,1.436,0.0831,0.0121,0.0362,0.0007,3121
s1_z5568_y3456_x3072,1.431,0.065,0.0051,0.0446,0.0031,4985
s1_z192_y2880_x3648,1.416,0.0631,0.0065,0.0329,0.0002,5688
s1_z5568_y2304_x4608,1.416,0.0969,0.0114,0.0452,0.0014,4118
s1_z6144_y2304_x4032,1.415,0.0893,0.0101,0.0487,0.001,4091
s1_z5568_y3456_x4224,1.412,0.0771,0.0076,0.0496,0.0018,4194
s1_z4032_y2496_x4032,1.409,0.0521,0.0015,0.0297,0.0009,3575
s1_z7424_y4096_x3840,1.409,0.067,0.0055,0.0316,0.0002,18885
s1_z3648_y2112_x4608,1.402,0.0505,0.0013,0.033,0.0006,5578
s1_z6144_y3648_x4032,1.398,0.0722,0.0054,0.0362,0.0021,4698
s1_z6528_y3264_x2688,1.396,0.0749,0.0021,0.0453,-0.0023,3593
s1_z5760_y3456_x3264,1.392,0.0806,0.0101,0.0517,0.0081,7535
s1_z3840_y2304_x2688,1.39,0.0638,0.0045,0.0412,-0.001,4580
s4_z8704_y2560_x1024,1.389,0.0353,-0.0007,0.0195,-0.0018,7746
s1_z4992_y2880_x4416,1.388,0.0638,0.0076,0.0314,0.0028,4821
s1_z5760_y2112_x3840,1.387,0.0806,0.0142,0.0494,0.0005,3581
s4_z2560_y512_x2048,1.385,0.073,0.0054,0.0316,0.0003,5740
s1_z5184_y3264_x4416,1.382,0.0534,0.0007,0.0368,-0.0005,4797
s1_z5376_y2496_x2688,1.382,0.0671,0.0032,0.0451,-0.0002,5023
s4_z2560_y1536_x2304,1.38,0.0585,0.0009,0.0237,-0.0013,6080
s5_z5500_y4180_x3420,1.38,0.0468,-0.0116,0.0163,-0.0059,2572
s1_z2496_y2112_x4800,1.378,0.073,0.0086,0.0468,0.0023,3798
s1_z4992_y3072_x4416,1.374,0.0886,0.0066,0.0552,0.0049,5770
s1_z5760_y3456_x4224,1.373,0.0979,0.0122,0.056,0.0037,4567
s1_z7424_y3840_x3840,1.37,0.0855,0.0107,0.0463,-0.0004,12797
s1_z5568_y2112_x3840,1.366,0.0772,0.0099,0.0528,0.0044,6054
s4_z1792_y2048_x2048,1.366,0.0689,0.0041,0.0316,-0.0013,8956
s4_z1024_y1792_x2304,1.36,0.0535,-0.0035,0.0193,-0.003,4387
s1_z1152_y2688_x4800,1.359,0.0745,0.0042,0.0457,0.0018,1895
s1_z5952_y2496_x3072,1.348,0.0653,0.0052,0.0388,-0.0019,6344
s1_z8960_y2816_x3584,1.346,0.0759,0.0103,0.044,0.0038,10685
s1_z1920_y1728_x4032,1.345,0.083,0.0129,0.0618,0.0055,3687
s1_z1728_y1728_x4416,1.343,0.0861,0.0105,0.0524,0.0025,4708
s1_z5376_y2304_x3072,1.341,0.0501,0.0049,0.0316,0.0022,7729
s1_z960_y2688_x3072,1.336,0.0812,0.0082,0.0489,0.0,4530
s1_z2688_y1728_x4416,1.335,0.07,0.0104,0.0429,0.0,4327
s1_z5568_y2112_x3456,1.332,0.0864,0.0155,0.0498,0.0049,6374
s1_z4224_y1728_x3840,1.322,0.0375,0.0041,0.0218,0.0026,3924
s1_z3456_y2112_x4416,1.32,0.057,0.009,0.0324,0.0004,5485
s1_z384_y2112_x3264,1.314,0.067,0.0073,0.037,0.0017,5978
s1_z2112_y1920_x4416,1.297,0.0464,-0.0095,0.0236,-0.0051,3802
s1_z8960_y3840_x3072,1.292,0.0918,0.0103,0.0449,0.0007,8304
s4_z2048_y2048_x1792,1.291,0.0488,0.0002,0.0235,-0.0009,6620
s1_z3648_y2304_x2688,1.286,0.064,0.0033,0.0435,0.0016,5276
s5_z5690_y2090_x4180,1.273,0.0989,0.0197,0.0538,0.0067,1636
s1_z2496_y1728_x4224,1.269,0.0618,0.0064,0.0418,0.0023,4856
s1_z2880_y1728_x4224,1.262,0.0373,0.0008,0.0221,0.0014,5455
s1_z3264_y1728_x4224,1.259,0.0487,0.0049,0.0278,0.0015,3834
s1_z2880_y2496_x3648,1.248,0.056,0.0001,0.0311,-0.0011,6394
s1_z3456_y1728_x4224,1.248,0.0484,0.0082,0.033,0.0041,3690
s1_z2688_y1728_x4032,1.246,0.045,0.0052,0.0291,0.0021,3910
s1_z4992_y2880_x4608,1.244,0.0729,0.011,0.0378,0.0008,4434
s1_z2496_y2304_x2688,1.234,0.0557,0.0056,0.0407,0.003,3830
s1_z5568_y2304_x4224,1.234,0.0782,0.0063,0.0453,0.0003,5432
s1_z384_y2496_x4992,1.233,0.0511,-0.0064,0.0351,-0.0037,3579
s5_z9180_y3040_x2850,1.232,0.0482,-0.0,0.0372,-0.0021,995
s1_z2880_y1728_x4032,1.22,0.0257,0.0003,0.0151,0.0009,3723
s1_z5376_y2112_x3264,1.218,0.0493,0.0065,0.0253,0.0014,9206
s1_z5568_y3456_x3456,1.217,0.0526,0.0052,0.0247,-0.0006,6680
s1_z8192_y3072_x4096,1.216,0.0631,0.0026,0.0348,-0.0006,13194
s4_z7168_y2560_x1024,1.215,0.0391,-0.0011,0.0156,-0.0018,13904
s1_z1920_y2688_x3840,1.213,0.1074,0.017,0.0567,0.0048,1608
s1_z4416_y1920_x3456,1.208,0.0437,0.0055,0.0214,0.0029,10265
s1_z3072_y1728_x4224,1.188,0.0291,0.0011,0.0199,0.0028,5667
s1_z1536_y2688_x3840,1.184,0.0573,-0.0016,0.0275,-0.0023,2275
s1_z5568_y3456_x3264,1.168,0.0531,0.0023,0.033,-0.0003,7813
s1_z5568_y3648_x3648,1.166,0.0499,-0.0006,0.0276,-0.001,4417
s1_z5760_y3456_x3456,1.16,0.0653,0.0133,0.0384,0.007,5702
s1_z3840_y2496_x3456,1.156,0.048,0.0044,0.0213,0.0011,3171
s1_z2496_y2496_x4032,1.149,0.0638,0.0039,0.0311,-0.0003,5998
s1_z3456_y1728_x3648,1.145,0.0385,0.0056,0.027,0.0027,5974
s4_z2304_y768_x1280,1.143,0.0568,0.003,0.0218,0.0002,6561
s1_z7168_y3328_x2816,1.139,0.0619,0.004,0.0298,-0.001,14138
s1_z7168_y2816_x2816,1.138,0.075,0.0088,0.0487,0.0041,11781
s1_z5184_y2880_x4800,1.126,0.0662,0.0094,0.0346,0.0029,5038
s1_z4992_y2880_x3456,1.122,0.072,-0.0004,0.0337,-0.0028,5180
s1_z8448_y2816_x3840,1.12,0.0748,0.0135,0.037,0.0054,14353
s1_z960_y1728_x4224,1.118,0.0681,0.0071,0.0326,0.0019,5830
s1_z8192_y3072_x3840,1.102,0.0555,0.0026,0.0302,-0.0008,12542
s1_z6336_y3840_x3648,1.101,0.0725,0.0089,0.0532,0.0046,5093
s1_z576_y1920_x3648,1.097,0.0679,0.0055,0.0408,0.0012,6131
s1_z4992_y2112_x4416,1.095,0.0602,0.0068,0.0326,0.0027,8140
s1_z2688_y2304_x2688,1.093,0.0317,0.0006,0.0187,0.0009,4789
s1_z3072_y1728_x3840,1.09,0.056,0.0072,0.0262,0.0,3454
s1_z5376_y3648_x4416,1.079,0.069,0.0055,0.0391,0.0006,3315
s1_z5376_y2112_x3840,1.059,0.0569,0.0108,0.0337,0.0052,5534
s4_z7424_y2560_x1024,1.059,0.0393,0.0017,0.0159,-0.0017,11601
s1_z5568_y2112_x3648,1.032,0.0716,0.0077,0.0344,0.0016,3418
s1_z5376_y2112_x3456,1.031,0.0552,0.0043,0.0316,0.0043,6464
s1_z6144_y3840_x3648,1.031,0.0587,0.0026,0.0343,0.0014,3109
s1_z1152_y2688_x3840,1.028,0.0371,0.0067,0.0204,0.0044,3031
s1_z3648_y2496_x2880,1.024,0.0525,0.0054,0.0312,0.0055,2750
s1_z768_y1920_x3456,1.017,0.06,0.0108,0.0348,0.0052,9599
s1_z6720_y3840_x3840,1.003,0.0552,0.0055,0.0309,0.0012,5329
s1_z1344_y2112_x3072,1.0,0.0497,0.0083,0.0283,0.0034,6809
s1_z2880_y1728_x3648,0.999,0.0458,0.0064,0.0279,0.0028,9108
s1_z6720_y3840_x3648,0.995,0.0346,-0.0034,0.0196,-0.0024,4876
s1_z3264_y2496_x3648,0.99,0.0501,0.0055,0.0315,-0.0008,7291
s1_z6144_y3648_x3456,0.966,0.0651,0.0083,0.0369,0.0016,4633
s1_z4032_y2496_x3840,0.959,0.0429,-0.0016,0.0204,-0.0028,2921
s1_z8960_y2816_x3840,0.958,0.0762,0.0092,0.0402,0.0021,12761
s4_z6656_y2816_x1536,0.958,0.0487,-0.0012,0.018,-0.0022,5277
s1_z6528_y3648_x4416,0.946,0.0623,0.0063,0.0335,0.0008,5410
s1_z5568_y3648_x4032,0.943,0.0534,0.0033,0.0216,-0.0006,4163
s1_z8448_y2816_x3584,0.937,0.0675,0.0063,0.0342,0.0007,12133
s1_z3456_y1728_x4032,0.931,0.0486,0.0065,0.0256,0.0024,3129
s1_z7424_y2816_x2816,0.902,0.0667,0.0055,0.0442,0.0014,15970
s5_z6190_y2660_x3230,0.897,0.0328,-0.0018,0.0148,-0.0043,1288
s1_z2496_y1728_x3648,0.893,0.0348,0.0009,0.0207,0.0001,6147
s1_z1152_y1920_x3456,0.876,0.0262,-0.0019,0.0151,-0.0003,6822
s1_z8192_y2816_x3584,0.876,0.0671,0.0052,0.0273,-0.0011,18527
s1_z1344_y2688_x4608,0.86,0.0942,0.0085,0.0529,0.0004,2927
s1_z1152_y2688_x3456,0.857,0.0554,0.0055,0.0265,0.0019,2657
s1_z3456_y1920_x3264,0.848,0.0408,0.0076,0.0185,0.0014,6336
s1_z384_y1728_x4032,0.844,0.0791,0.0112,0.0538,0.0032,3150
s1_z5184_y3456_x4032,0.841,0.0613,0.0068,0.0435,0.0001,4897
s1_z5760_y3456_x3840,0.836,0.0571,0.0119,0.0302,0.0032,3314
s1_z2496_y1728_x3840,0.83,0.0482,0.0061,0.0323,0.0016,3493
s1_z2112_y2496_x2880,0.824,0.0624,0.007,0.0364,0.0035,4416
s1_z2880_y1920_x3264,0.814,0.0362,0.0035,0.0259,0.0019,6105
s1_z1920_y2112_x3072,0.812,0.0697,0.0108,0.0394,0.0039,6379
s5_z6000_y3420_x5890,0.792,0.0742,0.0097,0.0401,0.0045,2009
s1_z4800_y2880_x4608,0.783,0.048,0.0087,0.0266,0.0042,5082
s1_z3264_y1728_x4032,0.782,0.0321,0.0022,0.02,0.0007,3753
s1_z2688_y1920_x4608,0.78,0.0454,0.0076,0.0293,0.003,5077
s1_z3264_y2304_x2688,0.779,0.0483,0.0046,0.0249,0.0009,4920
s1_z2304_y2496_x3456,0.778,0.0422,0.0021,0.0301,-0.0008,3345
s1_z4800_y3072_x3648,0.765,0.0458,0.0043,0.0236,0.0029,7378
s1_z3456_y2304_x2688,0.763,0.0644,0.0069,0.0396,0.0022,5930
s1_z5568_y2112_x3264,0.763,0.0653,0.0086,0.0283,0.0011,8066
s1_z192_y1920_x4416,0.752,0.0543,0.0061,0.0277,0.0038,4923
s1_z192_y2880_x3456,0.745,0.0536,0.0056,0.0327,0.0016,5377
s4_z2560_y1280_x2304,0.732,0.0491,0.0034,0.0231,-0.0003,6105
s1_z3840_y1728_x3840,0.728,0.0398,0.0096,0.0205,0.0041,2787
s1_z5568_y3456_x3648,0.705,0.0661,0.0048,0.037,0.0044,4522
s1_z3456_y1728_x3840,0.703,0.0294,0.0038,0.012,0.0013,2432
s1_z960_y1728_x4032,0.701,0.0551,0.0046,0.036,0.0048,5188
s1_z3648_y2496_x3072,0.691,0.0399,0.0011,0.0221,0.0018,3097
s1_z2304_y1728_x4224,0.679,0.0353,0.0024,0.0245,0.002,5631
s1_z384_y1920_x3648,0.677,0.0431,0.0029,0.0266,0.0011,8496
s1_z5376_y2112_x4032,0.677,0.0416,0.0042,0.0224,0.003,7223
s1_z2304_y2496_x4224,0.662,0.0766,0.0065,0.0443,0.0002,3238
s1_z4032_y2496_x3648,0.65,0.0215,-0.0051,0.0166,-0.0032,4309
s1_z3840_y1728_x4032,0.647,0.0334,0.007,0.02,0.0011,3113
s5_z9180_y3230_x3420,0.636,0.0288,0.0023,0.0164,-0.0017,2003
s1_z3648_y2496_x3264,0.632,0.0443,0.0027,0.0194,-0.0019,4177
s5_z9180_y2090_x5700,0.629,0.026,0.0022,0.0171,0.0004,2767
s1_z192_y3072_x4032,0.625,0.0613,0.0075,0.0331,0.0013,2662
s1_z2880_y1728_x3840,0.62,0.0334,0.0029,0.0161,0.001,3075
s1_z3072_y2304_x2688,0.618,0.0354,0.005,0.0207,0.0014,6301
s1_z384_y1728_x4224,0.616,0.0517,0.0042,0.0275,0.0027,4701
s1_z5568_y3648_x4224,0.603,0.0711,0.0049,0.0305,0.0002,3666
s1_z5184_y2112_x4224,0.591,0.0417,0.0053,0.0298,0.0027,6180
s5_z8990_y3610_x3610,0.591,0.0427,0.0096,0.017,0.0003,3533
s5_z8990_y2850_x3420,0.573,0.0679,0.0049,0.028,0.0006,1398
s1_z4992_y2688_x3264,0.567,0.0367,0.0031,0.0184,-0.0007,6051
s5_z9370_y2280_x3420,0.551,0.0478,0.0007,0.0258,-0.0,2486
s1_z1536_y2688_x4416,0.54,0.0385,0.0042,0.0225,0.0024,2990
s1_z3840_y1920_x4608,0.528,0.0258,0.0043,0.0176,0.0012,4602
s1_z5376_y2304_x2688,0.527,0.0413,0.0044,0.0282,0.0014,6381
s5_z8990_y3230_x3420,0.506,0.0318,0.0031,0.0186,0.0002,1947
s1_z3264_y2304_x4032,0.48,0.0396,0.0052,0.0261,0.0016,7640
s5_z8990_y3040_x6080,0.464,0.0762,0.0158,0.0383,0.0056,1718
s5_z8500_y2850_x3040,0.463,0.0263,0.0003,0.0169,-0.001,1160
s1_z3072_y2112_x4416,0.458,0.0213,0.001,0.014,-0.0001,7006
s1_z3648_y2112_x4416,0.453,0.0295,0.001,0.0213,0.0008,5752
s5_z9180_y2660_x2470,0.453,0.0189,-0.0019,0.0087,-0.0021,2231
s1_z1728_y2688_x4608,0.433,0.064,0.0084,0.0321,0.0018,2340
s5_z8990_y3230_x5130,0.424,0.0339,0.0024,0.0183,0.0024,1133
s1_z3072_y2496_x3072,0.422,0.0237,0.0019,0.0129,-0.0005,7803
s1_z5376_y3648_x4224,0.417,0.0432,0.0028,0.0243,0.0003,2589
s5_z6190_y3040_x3230,0.413,0.0229,-0.0015,0.0094,-0.0028,1450
s1_z8704_y2816_x3584,0.409,0.04,0.0054,0.0208,0.0028,13157
s1_z2688_y1728_x3648,0.406,0.0298,0.0022,0.0196,0.0032,8687
s1_z192_y1728_x4032,0.405,0.0363,0.0031,0.0202,0.0014,3310
s1_z1536_y1920_x3456,0.404,0.0537,0.008,0.0312,0.0014,6102
s1_z4224_y2112_x3072,0.393,0.0181,-0.0003,0.0131,0.0008,8017
s1_z576_y3072_x3840,0.37,0.0309,0.0055,0.0214,0.0036,3106
s5_z5500_y4370_x3990,0.367,0.0208,0.0003,0.011,-0.0022,1785
s5_z6190_y3230_x3230,0.357,0.025,-0.0009,0.0143,-0.0012,1884
s1_z3264_y2112_x3072,0.349,0.043,0.0064,0.0211,0.0028,6181
s1_z3456_y2112_x4608,0.349,0.037,0.0053,0.0267,0.001,7189
s1_z6528_y3840_x3648,0.329,0.0342,0.0007,0.0169,0.0001,2281
s5_z8500_y2090_x3230,0.311,0.0418,0.0068,0.0231,0.0003,2411
s5_z8500_y2470_x5700,0.31,0.0247,-0.0009,0.0141,-0.0035,2665
s5_z9370_y2850_x2850,0.276,0.0288,0.0027,0.0156,-0.0005,1368
s1_z5760_y3456_x4032,0.273,0.0515,0.0116,0.0297,0.0024,4175
s5_z9370_y2090_x4560,0.27,0.0285,0.0009,0.0169,0.0012,3489
s5_z6190_y2850_x3230,0.253,0.0552,-0.0017,0.0236,-0.005,1485
s1_z4800_y1920_x3264,0.252,0.0268,0.0018,0.0133,0.0024,7790
s5_z5690_y1710_x3800,0.252,0.0302,0.0008,0.0165,0.0028,1526
s5_z6190_y2090_x4180,0.23,0.0528,0.0122,0.0268,0.0042,1356
s1_z1152_y2688_x3648,0.224,0.0486,0.0076,0.0272,0.0029,2225
s5_z5690_y2280_x3420,0.224,0.0133,0.0007,0.0064,-0.0012,2823
s5_z6190_y3420_x5890,0.201,0.0403,0.0083,0.0294,0.0039,2185
s1_z4800_y1920_x3648,0.19,0.0276,0.0041,0.0168,0.0012,7267
s1_z5568_y2304_x3072,0.171,0.0396,0.0105,0.0254,0.0045,6205
s1_z2880_y2112_x3072,0.147,0.0238,0.0038,0.0132,0.0006,7979
s1_z5568_y2304_x3264,0.14,0.0429,0.0082,0.0231,0.0043,5851
s5_z8500_y1900_x3800,0.115,0.0412,0.0053,0.0158,-0.0003,2148
s1_z1152_y2688_x4224,0.105,0.029,0.0005,0.0145,0.0004,3367
s1_z3264_y1728_x3840,0.1,0.0152,0.0013,0.008,0.0003,4296
s1_z3072_y2112_x3072,0.091,0.0187,0.0027,0.012,0.0005,6374
s5_z9180_y1710_x3420,0.087,0.0263,0.006,0.0151,0.0039,3405
s1_z5760_y2112_x4032,0.084,0.0353,0.0048,0.0235,0.0009,4426
s1_z2880_y2496_x2880,0.076,0.0071,-0.0012,0.0064,0.0007,4183
s1_z192_y1728_x3840,0.07,0.0356,0.0057,0.0218,0.004,3999
s5_z8990_y3040_x2850,0.07,0.0122,0.0008,0.0054,0.0012,1864
s5_z8500_y2090_x3420,0.053,0.0302,0.0057,0.017,-0.0001,2684
s1_z3072_y2496_x2880,0.05,0.0122,-0.0004,0.007,-0.0012,6348
s1_z1344_y2688_x3840,0.044,0.0313,0.0035,0.0199,0.0045,3191
s1_z5568_y3648_x3840,0.034,0.0159,-0.0007,0.007,0.0002,3461
s1_z3648_y1728_x3840,0.019,0.018,0.0023,0.0123,0.0003,3655
s1_z1344_y1920_x3456,0.015,0.0214,0.0035,0.0115,0.0022,6763
s1_z3072_y1728_x4032,0.012,0.0089,0.0015,0.008,0.0011,3875
s5_z6000_y2850_x2470,0.01,0.023,0.0019,0.0145,0.0,2209
s1_z5184_y1920_x3840,0.004,0.0088,0.0005,0.0063,0.0003,3736
s1_z1152_y2688_x4032,0.002,0.0161,0.0006,0.009,0.0004,3257
s5_z8500_y2660_x3040,0.001,0.0055,-0.002,-0.0023,-0.0033,1198
